Original,Duplicate
Original: D:\Professional\Canterbury Christ Church University\KMO\GitHubRepoKMO\KentMapOnline\.git\refs\heads\main,Duplicate: D:\Professional\Canterbury Christ Church University\KMO\GitHubRepoKMO\KentMapOnline\.git\ORIG_HEAD
Original: D:\Professional\Canterbury Christ Church University\KMO\GitHubRepoKMO\KentMapOnline\.git\ORIG_HEAD,Duplicate: D:\Professional\Canterbury Christ Church University\KMO\GitHubRepoKMO\KentMapOnline\.git\refs\remotes\origin\main
Original: D:\Professional\Canterbury Christ Church University\KMO\GitHubRepoKMO\KentMapOnline\.git\refs\heads\pj-identify-duplicate-images,Duplicate: D:\Professional\Canterbury Christ Church University\KMO\GitHubRepoKMO\KentMapOnline\.git\refs\remotes\origin\pj-identify-duplicate-images
Original: D:\Professional\Canterbury Christ Church University\KMO\GitHubRepoKMO\KentMapOnline\placesad\ashford-overview\README.md,Duplicate: D:\Professional\Canterbury Christ Church University\KMO\GitHubRepoKMO\KentMapOnline\placesad\birchington-overview\README.md
Original: D:\Professional\Canterbury Christ Church University\KMO\GitHubRepoKMO\KentMapOnline\placesad\ashford-overview\README.md,Duplicate: D:\Professional\Canterbury Christ Church University\KMO\GitHubRepoKMO\KentMapOnline\placesad\canterbury-overview\README.md
Original: D:\Professional\Canterbury Christ Church University\KMO\GitHubRepoKMO\KentMapOnline\placesad\ashford-overview\README.md,Duplicate: D:\Professional\Canterbury Christ Church University\KMO\GitHubRepoKMO\KentMapOnline\placesad\chatham-overview\README.md
Original: D:\Professional\Canterbury Christ Church University\KMO\GitHubRepoKMO\KentMapOnline\placesad\ashford-overview\README.md,Duplicate: D:\Professional\Canterbury Christ Church University\KMO\GitHubRepoKMO\KentMapOnline\placesad\dover-overview\README.md
Original: D:\Professional\Canterbury Christ Church University\KMO\GitHubRepoKMO\KentMapOnline\placesad\ashford-overview\README.md,Duplicate: D:\Professional\Canterbury Christ Church University\KMO\GitHubRepoKMO\KentMapOnline\placesej\hythe-overview\README.md
Original: D:\Professional\Canterbury Christ Church University\KMO\GitHubRepoKMO\KentMapOnline\placesad\ashford-overview\README.md,Duplicate: D:\Professional\Canterbury Christ Church University\KMO\GitHubRepoKMO\KentMapOnline\placesqz\ramsgate-overview\README.md
Original: D:\Professional\Canterbury Christ Church University\KMO\GitHubRepoKMO\KentMapOnline\placesad\ashford-overview\README.md,Duplicate: D:\Professional\Canterbury Christ Church University\KMO\GitHubRepoKMO\KentMapOnline\placesqz\sheppey-overview\README.md
Original: D:\Professional\Canterbury Christ Church University\KMO\GitHubRepoKMO\KentMapOnline\placesad\ashford-overview\README.md,Duplicate: D:\Professional\Canterbury Christ Church University\KMO\GitHubRepoKMO\KentMapOnline\placesqz\thanet-overview\README.md
Original: D:\Professional\Canterbury Christ Church University\KMO\GitHubRepoKMO\KentMapOnline\placesad\ashford-overview\README.md,Duplicate: D:\Professional\Canterbury Christ Church University\KMO\GitHubRepoKMO\KentMapOnline\placesqz\tunbridge-wells-overview\README.md
Original: D:\Professional\Canterbury Christ Church University\KMO\GitHubRepoKMO\KentMapOnline\placesad\ashford-overview\README.md,Duplicate: D:\Professional\Canterbury Christ Church University\KMO\GitHubRepoKMO\KentMapOnline\placesqz\whitstable-overview\README.md
