E	s	s	a	y	
w	a	t	e	r	i	n	g	b	u	r	y	-	o	v	e	r	v	i	e	w	
w	a	t	e	r	i	n	g	b	u	r	y	-	o	v	e	r	v	i	e	w	
w	a	t	e	r	i	n	g	b	u	r	y	-	o	v	e	r	v	i	e	w	
w	a	t	e	r	i	n	g	b	u	r	y	-	o	v	e	r	v	i	e	w	
w	a	t	e	r	i	n	g	b	u	r	y	-	o	v	e	r	v	i	e	w	
w	a	t	e	r	i	n	g	b	u	r	y	-	o	v	e	r	v	i	e	w	
w	a	t	e	r	i	n	g	b	u	r	y	-	o	v	e	r	v	i	e	w	
w	a	t	e	r	i	n	g	b	u	r	y	-	o	v	e	r	v	i	e	w	
w	a	t	e	r	i	n	g	b	u	r	y	-	o	v	e	r	v	i	e	w	
w	a	t	e	r	i	n	g	b	u	r	y	-	o	v	e	r	v	i	e	w	
w	a	t	e	r	i	n	g	b	u	r	y	-	o	v	e	r	v	i	e	w	
w	a	t	e	r	i	n	g	b	u	r	y	-	o	v	e	r	v	i	e	w	
w	a	t	e	r	i	n	g	b	u	r	y	-	o	v	e	r	v	i	e	w	
w	a	t	e	r	i	n	g	b	u	r	y	-	o	v	e	r	v	i	e	w	
w	a	t	e	r	i	n	g	b	u	r	y	-	o	v	e	r	v	i	e	w	
w	a	t	e	r	i	n	g	b	u	r	y	-	o	v	e	r	v	i	e	w	
w	a	t	e	r	i	n	g	b	u	r	y	-	o	v	e	r	v	i	e	w	
s	a	n	d	g	a	t	e	-	o	v	e	r	v	i	e	w	
s	a	n	d	g	a	t	e	-	o	v	e	r	v	i	e	w	
s	a	n	d	g	a	t	e	-	o	v	e	r	v	i	e	w	
s	a	n	d	g	a	t	e	-	o	v	e	r	v	i	e	w	
s	a	n	d	g	a	t	e	-	o	v	e	r	v	i	e	w	
s	a	n	d	g	a	t	e	-	o	v	e	r	v	i	e	w	
s	a	n	d	g	a	t	e	-	o	v	e	r	v	i	e	w	
s	a	n	d	g	a	t	e	-	o	v	e	r	v	i	e	w	
1	9	c	-	c	a	t	c	h	-	m	u	s	i	c	
1	9	c	-	c	a	t	c	h	-	m	u	s	i	c	
1	9	c	-	c	a	t	c	h	-	m	u	s	i	c	
1	9	c	-	c	a	t	c	h	-	m	u	s	i	c	
1	9	c	-	c	a	t	c	h	-	m	u	s	i	c	
1	9	c	-	c	a	t	c	h	-	m	u	s	i	c	
1	9	c	-	c	a	t	h	e	d	r	a	l	-	s	i	n	g	i	n	g	
1	9	c	-	c	a	t	h	e	d	r	a	l	-	s	i	n	g	i	n	g	
1	9	c	-	c	a	t	h	e	d	r	a	l	-	s	i	n	g	i	n	g	
1	9	c	-	c	a	t	h	e	d	r	a	l	-	s	i	n	g	i	n	g	
1	9	c	-	m	u	s	i	c	-	c	a	n	t	e	r	b	u	r	y	
1	9	c	-	m	u	s	i	c	-	c	a	n	t	e	r	b	u	r	y	
1	9	c	-	m	u	s	i	c	-	c	a	n	t	e	r	b	u	r	y	
1	9	c	-	m	u	s	i	c	-	c	a	n	t	e	r	b	u	r	y	
1	9	c	-	m	u	s	i	c	-	c	a	n	t	e	r	b	u	r	y	
1	9	c	-	m	u	s	i	c	-	c	a	n	t	e	r	b	u	r	y	
1	9	c	-	w	i	l	l	i	a	m	-	l	o	n	g	h	u	r	s	t	-	b	i	o	g	r	a	p	h	y	
1	9	c	-	w	i	l	l	i	a	m	-	l	o	n	g	h	u	r	s	t	-	b	i	o	g	r	a	p	h	y	
1	9	c	-	w	i	l	l	i	a	m	-	l	o	n	g	h	u	r	s	t	-	b	i	o	g	r	a	p	h	y	
1	9	c	-	v	i	c	t	o	r	i	a	-	w	a	l	m	e	r	-	c	a	s	t	l	e	
1	9	c	-	v	i	c	t	o	r	i	a	-	w	a	l	m	e	r	-	c	a	s	t	l	e	
1	9	c	-	v	i	c	t	o	r	i	a	-	w	a	l	m	e	r	-	c	a	s	t	l	e	
1	9	c	-	v	i	c	t	o	r	i	a	-	w	a	l	m	e	r	-	c	a	s	t	l	e	
1	9	c	-	v	i	c	t	o	r	i	a	-	w	a	l	m	e	r	-	c	a	s	t	l	e	
1	9	c	-	v	i	c	t	o	r	i	a	-	w	a	l	m	e	r	-	c	a	s	t	l	e	
1	9	c	-	v	i	c	t	o	r	i	a	-	w	a	l	m	e	r	-	c	a	s	t	l	e	
1	9	c	-	v	i	c	t	o	r	i	a	-	w	a	l	m	e	r	-	c	a	s	t	l	e	
1	9	c	-	v	i	c	t	o	r	i	a	-	w	a	l	m	e	r	-	c	a	s	t	l	e	
1	9	c	-	s	a	l	a	-	b	i	o	g	r	a	p	h	y	
1	9	c	-	s	a	l	a	-	b	i	o	g	r	a	p	h	y	
1	9	c	-	s	a	l	a	-	b	i	o	g	r	a	p	h	y	
1	9	c	-	s	a	l	a	-	b	i	o	g	r	a	p	h	y	
1	9	c	-	s	a	l	a	-	b	i	o	g	r	a	p	h	y	
1	9	c	-	s	a	l	a	-	b	i	o	g	r	a	p	h	y	
1	9	c	-	s	a	l	a	-	b	i	o	g	r	a	p	h	y	
1	9	c	-	s	a	l	a	-	b	i	o	g	r	a	p	h	y	
1	9	c	-	e	l	i	o	t	-	g	e	o	r	g	e	-	b	i	o	g	r	a	p	h	y	
1	9	c	-	e	l	i	o	t	-	g	e	o	r	g	e	-	b	i	o	g	r	a	p	h	y	
1	9	c	-	e	l	i	o	t	-	g	e	o	r	g	e	-	b	i	o	g	r	a	p	h	y	
1	9	c	-	e	l	i	o	t	-	g	e	o	r	g	e	-	b	i	o	g	r	a	p	h	y	
1	9	c	-	e	l	i	o	t	-	g	e	o	r	g	e	-	b	i	o	g	r	a	p	h	y	
1	9	c	-	e	l	i	o	t	-	g	e	o	r	g	e	-	b	i	o	g	r	a	p	h	y	
1	9	c	-	e	l	i	o	t	-	g	e	o	r	g	e	-	b	i	o	g	r	a	p	h	y	
1	9	c	-	e	l	i	o	t	-	g	e	o	r	g	e	-	b	i	o	g	r	a	p	h	y	
1	9	c	-	e	l	i	o	t	-	g	e	o	r	g	e	-	b	i	o	g	r	a	p	h	y	
1	9	c	-	e	l	i	o	t	-	g	e	o	r	g	e	-	b	i	o	g	r	a	p	h	y	
1	9	c	-	z	a	n	g	w	i	l	l	-	b	i	o	g	r	a	p	h	y	
1	9	c	-	z	a	n	g	w	i	l	l	-	b	i	o	g	r	a	p	h	y	
1	9	c	-	z	a	n	g	w	i	l	l	-	b	i	o	g	r	a	p	h	y	
1	9	c	-	z	a	n	g	w	i	l	l	-	b	i	o	g	r	a	p	h	y	
1	9	c	-	z	a	n	g	w	i	l	l	-	b	i	o	g	r	a	p	h	y	
1	9	c	-	z	a	n	g	w	i	l	l	-	b	i	o	g	r	a	p	h	y	
1	9	c	-	s	a	m	b	o	u	r	n	e	-	b	i	o	g	r	a	p	h	y	
1	9	c	-	s	a	m	b	o	u	r	n	e	-	b	i	o	g	r	a	p	h	y	
1	9	c	-	s	a	m	b	o	u	r	n	e	-	b	i	o	g	r	a	p	h	y	
1	9	c	-	s	a	m	b	o	u	r	n	e	-	b	i	o	g	r	a	p	h	y	
1	9	c	-	s	a	m	b	o	u	r	n	e	-	b	i	o	g	r	a	p	h	y	
1	9	c	-	s	a	m	b	o	u	r	n	e	-	b	i	o	g	r	a	p	h	y	
1	9	c	-	s	a	m	b	o	u	r	n	e	-	b	i	o	g	r	a	p	h	y	
1	9	c	-	s	a	m	b	o	u	r	n	e	-	b	i	o	g	r	a	p	h	y	
1	9	c	-	g	r	a	v	e	s	e	n	d	
1	9	c	-	g	r	a	v	e	s	e	n	d	
1	9	c	-	g	r	a	v	e	s	e	n	d	
1	9	c	-	c	o	l	l	i	n	s	-	b	i	o	g	r	a	p	h	y	
1	9	c	-	c	o	l	l	i	n	s	-	b	i	o	g	r	a	p	h	y	
1	9	c	-	c	o	l	l	i	n	s	-	b	i	o	g	r	a	p	h	y	
1	9	c	-	c	o	n	r	a	d	-	b	i	o	g	r	a	p	h	y	
1	9	c	-	c	o	n	r	a	d	-	b	i	o	g	r	a	p	h	y	
1	9	c	-	c	o	n	r	a	d	-	b	i	o	g	r	a	p	h	y	
1	9	c	-	c	o	n	r	a	d	-	b	i	o	g	r	a	p	h	y	
1	9	c	-	c	o	n	r	a	d	-	b	i	o	g	r	a	p	h	y	
1	9	c	-	w	a	l	k	e	r	-	b	i	o	g	r	a	p	h	y	
1	9	c	-	w	a	l	k	e	r	-	b	i	o	g	r	a	p	h	y	
1	9	c	-	w	a	l	k	e	r	-	b	i	o	g	r	a	p	h	y	
1	9	c	-	w	a	l	k	e	r	-	b	i	o	g	r	a	p	h	y	
1	9	c	-	w	a	l	k	e	r	-	b	i	o	g	r	a	p	h	y	
1	9	c	-	w	a	l	k	e	r	-	b	i	o	g	r	a	p	h	y	
1	9	c	-	w	a	l	k	e	r	-	b	i	o	g	r	a	p	h	y	
1	9	c	-	g	r	a	n	d	-	b	i	o	g	r	a	p	h	y	
1	9	c	-	g	r	a	n	d	-	b	i	o	g	r	a	p	h	y	
1	9	c	-	g	r	a	n	d	-	b	i	o	g	r	a	p	h	y	
1	9	c	-	g	r	a	n	d	-	b	i	o	g	r	a	p	h	y	
1	9	c	-	g	r	a	n	d	-	b	i	o	g	r	a	p	h	y	
1	9	c	-	g	r	a	n	d	-	b	i	o	g	r	a	p	h	y	
1	9	c	-	g	r	a	n	d	-	b	i	o	g	r	a	p	h	y	
1	9	c	-	g	o	u	l	d	-	b	i	o	g	r	a	p	h	y	
1	9	c	-	g	o	u	l	d	-	b	i	o	g	r	a	p	h	y	
1	9	c	-	g	o	u	l	d	-	b	i	o	g	r	a	p	h	y	
1	9	c	-	g	o	u	l	d	-	b	i	o	g	r	a	p	h	y	
1	9	c	-	g	o	u	l	d	-	b	i	o	g	r	a	p	h	y	
1	9	c	-	g	o	u	l	d	-	b	i	o	g	r	a	p	h	y	
1	9	c	-	g	o	u	l	d	-	b	i	o	g	r	a	p	h	y	
1	9	c	-	g	o	u	l	d	-	b	i	o	g	r	a	p	h	y	
1	9	c	-	g	o	u	l	d	-	b	i	o	g	r	a	p	h	y	
1	9	c	-	g	o	u	l	d	-	b	i	o	g	r	a	p	h	y	
1	9	c	-	g	o	u	l	d	-	b	i	o	g	r	a	p	h	y	
1	9	c	-	g	o	u	l	d	-	b	i	o	g	r	a	p	h	y	
1	9	c	-	d	y	c	e	-	b	i	o	g	r	a	p	h	y	
1	9	c	-	d	y	c	e	-	b	i	o	g	r	a	p	h	y	
1	9	c	-	d	y	c	e	-	b	i	o	g	r	a	p	h	y	
1	9	c	-	d	y	c	e	-	b	i	o	g	r	a	p	h	y	
1	9	c	-	s	t	o	p	e	s	-	b	i	o	g	r	a	p	h	y	
1	9	c	-	s	t	o	p	e	s	-	b	i	o	g	r	a	p	h	y	
1	9	c	-	s	t	o	p	e	s	-	b	i	o	g	r	a	p	h	y	
1	9	c	-	s	t	o	p	e	s	-	b	i	o	g	r	a	p	h	y	
1	9	c	-	s	t	o	p	e	s	-	b	i	o	g	r	a	p	h	y	
1	9	c	-	s	t	o	p	e	s	-	b	i	o	g	r	a	p	h	y	
1	9	c	-	s	t	o	p	e	s	-	b	i	o	g	r	a	p	h	y	
1	9	c	-	j	a	m	e	s	h	-	h	e	v	e	r	-	c	a	s	t	l	e	
1	9	c	-	j	a	m	e	s	h	-	h	e	v	e	r	-	c	a	s	t	l	e	
1	9	c	-	j	a	m	e	s	h	-	h	e	v	e	r	-	c	a	s	t	l	e	
1	9	c	-	j	a	m	e	s	h	-	h	e	v	e	r	-	c	a	s	t	l	e	
1	9	c	-	j	a	m	e	s	h	-	h	e	v	e	r	-	c	a	s	t	l	e	
1	9	c	-	j	a	m	e	s	h	-	h	e	v	e	r	-	c	a	s	t	l	e	
1	9	c	-	j	a	m	e	s	h	-	h	e	v	e	r	-	c	a	s	t	l	e	
1	9	c	-	j	a	m	e	s	h	-	h	e	v	e	r	-	c	a	s	t	l	e	
1	9	c	-	j	a	m	e	s	h	-	h	e	v	e	r	-	c	a	s	t	l	e	
1	9	c	-	h	o	o	d	e	n	i	n	g	
1	9	c	-	h	o	o	d	e	n	i	n	g	
1	9	c	-	h	o	o	d	e	n	i	n	g	
1	9	c	-	h	o	o	d	e	n	i	n	g	
1	9	c	-	h	o	o	d	e	n	i	n	g	
1	9	c	-	h	o	o	d	e	n	i	n	g	
1	9	c	-	h	o	o	d	e	n	i	n	g	
1	9	c	-	h	o	o	d	e	n	i	n	g	
1	9	c	-	v	i	c	t	o	r	i	a	-	a	l	b	i	o	n	-	h	o	u	s	e	
1	9	c	-	v	i	c	t	o	r	i	a	-	a	l	b	i	o	n	-	h	o	u	s	e	
1	9	c	-	v	i	c	t	o	r	i	a	-	a	l	b	i	o	n	-	h	o	u	s	e	
1	9	c	-	s	h	e	l	l	e	y	m	-	b	i	o	g	r	a	p	h	y	
1	9	c	-	s	h	e	l	l	e	y	m	-	b	i	o	g	r	a	p	h	y	
1	9	c	-	s	h	e	l	l	e	y	m	-	b	i	o	g	r	a	p	h	y	
1	9	c	-	s	h	e	l	l	e	y	m	-	b	i	o	g	r	a	p	h	y	
1	9	c	-	t	e	r	n	a	n	-	b	i	o	g	r	a	p	h	y	
1	9	c	-	t	e	r	n	a	n	-	b	i	o	g	r	a	p	h	y	
1	9	c	-	t	e	r	n	a	n	-	b	i	o	g	r	a	p	h	y	
1	9	c	-	t	e	r	n	a	n	-	b	i	o	g	r	a	p	h	y	
1	9	c	-	t	e	r	n	a	n	-	b	i	o	g	r	a	p	h	y	
1	9	c	-	t	e	r	n	a	n	-	b	i	o	g	r	a	p	h	y	
1	9	c	-	t	e	r	n	a	n	-	b	i	o	g	r	a	p	h	y	
1	9	c	-	t	e	r	n	a	n	-	b	i	o	g	r	a	p	h	y	
1	9	c	-	t	e	r	n	a	n	-	b	i	o	g	r	a	p	h	y	
1	9	c	-	t	e	r	n	a	n	-	b	i	o	g	r	a	p	h	y	
1	9	c	-	g	e	r	t	r	u	d	e	-	w	a	r	d	e	n	-	b	i	o	g	r	a	p	h	y	
1	9	c	-	g	e	r	t	r	u	d	e	-	w	a	r	d	e	n	-	b	i	o	g	r	a	p	h	y	
1	9	c	-	g	e	r	t	r	u	d	e	-	w	a	r	d	e	n	-	b	i	o	g	r	a	p	h	y	
1	9	c	-	g	e	r	t	r	u	d	e	-	w	a	r	d	e	n	-	b	i	o	g	r	a	p	h	y	
1	9	c	-	g	e	r	t	r	u	d	e	-	w	a	r	d	e	n	-	b	i	o	g	r	a	p	h	y	
1	9	c	-	g	e	r	t	r	u	d	e	-	w	a	r	d	e	n	-	b	i	o	g	r	a	p	h	y	
1	9	c	-	g	e	r	t	r	u	d	e	-	w	a	r	d	e	n	-	b	i	o	g	r	a	p	h	y	
1	9	c	-	g	e	r	t	r	u	d	e	-	w	a	r	d	e	n	-	b	i	o	g	r	a	p	h	y	
1	9	c	-	g	e	r	t	r	u	d	e	-	w	a	r	d	e	n	-	b	i	o	g	r	a	p	h	y	
1	9	c	-	g	e	r	t	r	u	d	e	-	w	a	r	d	e	n	-	b	i	o	g	r	a	p	h	y	
1	9	c	-	g	e	r	t	r	u	d	e	-	w	a	r	d	e	n	-	b	i	o	g	r	a	p	h	y	
1	9	c	-	g	e	r	t	r	u	d	e	-	w	a	r	d	e	n	-	b	i	o	g	r	a	p	h	y	
1	9	c	-	g	e	r	t	r	u	d	e	-	w	a	r	d	e	n	-	b	i	o	g	r	a	p	h	y	
1	9	c	-	g	e	r	t	r	u	d	e	-	w	a	r	d	e	n	-	b	i	o	g	r	a	p	h	y	
1	9	c	-	g	e	r	t	r	u	d	e	-	w	a	r	d	e	n	-	b	i	o	g	r	a	p	h	y	
1	9	c	-	g	e	r	t	r	u	d	e	-	w	a	r	d	e	n	-	b	i	o	g	r	a	p	h	y	
1	9	c	-	g	e	r	t	r	u	d	e	-	w	a	r	d	e	n	-	b	i	o	g	r	a	p	h	y	
1	9	c	-	r	o	s	s	e	t	t	i	-	b	i	o	g	r	a	p	h	y	
1	9	c	-	r	o	s	s	e	t	t	i	-	b	i	o	g	r	a	p	h	y	
1	9	c	-	r	o	s	s	e	t	t	i	-	b	i	o	g	r	a	p	h	y	
1	9	c	-	r	o	s	s	e	t	t	i	-	b	i	o	g	r	a	p	h	y	
1	9	c	-	b	a	r	r	-	b	i	o	g	r	a	p	h	y	
1	9	c	-	b	a	r	r	-	b	i	o	g	r	a	p	h	y	
1	9	c	-	b	a	r	r	-	b	i	o	g	r	a	p	h	y	
1	9	c	-	r	a	m	s	g	a	t	e	
1	9	c	-	r	a	m	s	g	a	t	e	
1	9	c	-	r	a	m	s	g	a	t	e	
1	9	c	-	r	a	m	s	g	a	t	e	
1	9	c	-	r	a	m	s	g	a	t	e	
1	9	c	-	w	o	o	d	-	b	i	o	g	r	a	p	h	y	
1	9	c	-	w	o	o	d	-	b	i	o	g	r	a	p	h	y	
1	9	c	-	w	o	o	d	-	b	i	o	g	r	a	p	h	y	
1	9	c	-	j	o	r	d	a	n	-	b	i	o	g	r	a	p	h	y	
1	9	c	-	j	o	r	d	a	n	-	b	i	o	g	r	a	p	h	y	
1	9	c	-	j	o	r	d	a	n	-	b	i	o	g	r	a	p	h	y	
1	9	c	-	j	o	r	d	a	n	-	b	i	o	g	r	a	p	h	y	
1	9	c	-	j	o	r	d	a	n	-	b	i	o	g	r	a	p	h	y	
1	9	c	-	j	o	r	d	a	n	-	b	i	o	g	r	a	p	h	y	
1	9	c	-	j	o	r	d	a	n	-	b	i	o	g	r	a	p	h	y	
1	9	c	-	j	o	r	d	a	n	-	b	i	o	g	r	a	p	h	y	
1	9	c	-	s	h	o	r	e	-	b	i	o	g	r	a	p	h	y	
1	9	c	-	s	h	o	r	e	-	b	i	o	g	r	a	p	h	y	
1	9	c	-	s	h	o	r	e	-	b	i	o	g	r	a	p	h	y	
1	9	c	-	s	h	o	r	e	-	b	i	o	g	r	a	p	h	y	
1	9	c	-	s	h	o	r	e	-	b	i	o	g	r	a	p	h	y	
1	9	c	-	s	h	o	r	e	-	b	i	o	g	r	a	p	h	y	
1	9	c	-	s	h	o	r	e	-	b	i	o	g	r	a	p	h	y	
1	9	c	-	s	h	o	r	e	-	b	i	o	g	r	a	p	h	y	
1	9	c	-	s	h	o	r	e	-	b	i	o	g	r	a	p	h	y	
1	9	c	-	s	h	o	r	e	-	b	i	o	g	r	a	p	h	y	
1	9	c	-	s	h	o	r	e	-	b	i	o	g	r	a	p	h	y	
1	9	c	-	s	h	o	r	e	-	b	i	o	g	r	a	p	h	y	
1	9	c	-	s	h	o	r	e	-	b	i	o	g	r	a	p	h	y	
1	9	c	-	c	h	r	i	s	t	i	a	n	-	a	n	d	e	r	s	e	n	
1	9	c	-	c	h	r	i	s	t	i	a	n	-	a	n	d	e	r	s	e	n	
1	9	c	-	c	h	r	i	s	t	i	a	n	-	a	n	d	e	r	s	e	n	
1	9	c	-	c	h	r	i	s	t	i	a	n	-	a	n	d	e	r	s	e	n	
1	9	c	-	c	h	r	i	s	t	i	a	n	-	a	n	d	e	r	s	e	n	
1	9	c	-	s	p	i	c	e	r	-	j	a	y	-	b	i	o	g	r	a	p	h	y	
1	9	c	-	s	p	i	c	e	r	-	j	a	y	-	b	i	o	g	r	a	p	h	y	
1	9	c	-	s	p	i	c	e	r	-	j	a	y	-	b	i	o	g	r	a	p	h	y	
1	9	c	-	s	p	i	c	e	r	-	j	a	y	-	b	i	o	g	r	a	p	h	y	
1	9	c	-	s	p	i	c	e	r	-	j	a	y	-	b	i	o	g	r	a	p	h	y	
1	9	c	-	s	p	i	c	e	r	-	j	a	y	-	b	i	o	g	r	a	p	h	y	
1	9	c	-	b	r	a	d	d	o	n	-	b	i	o	g	r	a	p	h	y	
1	9	c	-	b	r	a	d	d	o	n	-	b	i	o	g	r	a	p	h	y	
1	9	c	-	b	r	a	d	d	o	n	-	b	i	o	g	r	a	p	h	y	
1	9	c	-	b	r	a	d	d	o	n	-	b	i	o	g	r	a	p	h	y	
1	9	c	-	s	y	r	e	t	t	-	b	i	o	g	r	a	p	h	y	
1	9	c	-	s	y	r	e	t	t	-	b	i	o	g	r	a	p	h	y	
1	9	c	-	s	y	r	e	t	t	-	b	i	o	g	r	a	p	h	y	
1	9	c	-	s	y	r	e	t	t	-	b	i	o	g	r	a	p	h	y	
1	9	c	-	f	l	o	r	e	n	c	e	-	w	a	r	d	e	n	-	b	i	o	g	r	a	p	h	y	
1	9	c	-	f	l	o	r	e	n	c	e	-	w	a	r	d	e	n	-	b	i	o	g	r	a	p	h	y	
1	9	c	-	f	l	o	r	e	n	c	e	-	w	a	r	d	e	n	-	b	i	o	g	r	a	p	h	y	
1	9	c	-	f	l	o	r	e	n	c	e	-	w	a	r	d	e	n	-	b	i	o	g	r	a	p	h	y	
1	9	c	-	f	l	o	r	e	n	c	e	-	w	a	r	d	e	n	-	b	i	o	g	r	a	p	h	y	
1	9	c	-	f	l	o	r	e	n	c	e	-	w	a	r	d	e	n	-	b	i	o	g	r	a	p	h	y	
1	9	c	-	f	l	o	r	e	n	c	e	-	w	a	r	d	e	n	-	b	i	o	g	r	a	p	h	y	
1	9	c	-	f	l	o	r	e	n	c	e	-	w	a	r	d	e	n	-	b	i	o	g	r	a	p	h	y	
1	9	c	-	f	l	o	r	e	n	c	e	-	w	a	r	d	e	n	-	b	i	o	g	r	a	p	h	y	
1	9	c	-	f	l	o	r	e	n	c	e	-	w	a	r	d	e	n	-	b	i	o	g	r	a	p	h	y	
1	9	c	-	f	l	o	r	e	n	c	e	-	w	a	r	d	e	n	-	b	i	o	g	r	a	p	h	y	
1	9	c	-	f	l	o	r	e	n	c	e	-	w	a	r	d	e	n	-	b	i	o	g	r	a	p	h	y	
1	9	c	-	f	l	o	r	e	n	c	e	-	w	a	r	d	e	n	-	b	i	o	g	r	a	p	h	y	
1	9	c	-	f	l	o	r	e	n	c	e	-	w	a	r	d	e	n	-	b	i	o	g	r	a	p	h	y	
1	9	c	-	f	l	o	r	e	n	c	e	-	w	a	r	d	e	n	-	b	i	o	g	r	a	p	h	y	
1	9	c	-	f	l	o	r	e	n	c	e	-	w	a	r	d	e	n	-	b	i	o	g	r	a	p	h	y	
1	9	c	-	f	l	o	r	e	n	c	e	-	w	a	r	d	e	n	-	b	i	o	g	r	a	p	h	y	
1	9	c	-	d	o	v	e	r	
1	9	c	-	d	o	v	e	r	
1	9	c	-	d	o	v	e	r	
1	9	c	-	d	o	v	e	r	
1	9	c	-	f	r	o	s	t	-	b	i	o	g	r	a	p	h	y	
1	9	c	-	f	r	o	s	t	-	b	i	o	g	r	a	p	h	y	
1	9	c	-	f	r	o	s	t	-	b	i	o	g	r	a	p	h	y	
1	9	c	-	f	r	o	s	t	-	b	i	o	g	r	a	p	h	y	
1	9	c	-	v	a	u	g	h	a	n	-	s	t	a	n	n	a	r	d	
1	9	c	-	v	a	u	g	h	a	n	-	s	t	a	n	n	a	r	d	
1	9	c	-	v	a	u	g	h	a	n	-	s	t	a	n	n	a	r	d	
1	9	c	-	v	a	u	g	h	a	n	-	s	t	a	n	n	a	r	d	
1	9	c	-	v	a	u	g	h	a	n	-	s	t	a	n	n	a	r	d	
1	9	c	-	g	r	o	s	s	m	i	t	h	-	b	i	o	g	r	a	p	h	y	
1	9	c	-	g	r	o	s	s	m	i	t	h	-	b	i	o	g	r	a	p	h	y	
1	9	c	-	g	r	o	s	s	m	i	t	h	-	b	i	o	g	r	a	p	h	y	
1	9	c	-	g	r	o	s	s	m	i	t	h	-	b	i	o	g	r	a	p	h	y	
1	9	c	-	g	r	o	s	s	m	i	t	h	-	b	i	o	g	r	a	p	h	y	
1	9	c	-	g	r	o	s	s	m	i	t	h	-	b	i	o	g	r	a	p	h	y	
1	9	c	-	g	r	o	s	s	m	i	t	h	-	b	i	o	g	r	a	p	h	y	
1	9	c	-	a	u	s	t	e	n	-	b	i	o	g	r	a	p	h	y	
1	9	c	-	a	u	s	t	e	n	-	b	i	o	g	r	a	p	h	y	
1	9	c	-	a	u	s	t	e	n	-	b	i	o	g	r	a	p	h	y	
1	9	c	-	a	u	s	t	e	n	-	b	i	o	g	r	a	p	h	y	
1	9	c	-	a	u	s	t	e	n	-	b	i	o	g	r	a	p	h	y	
1	9	c	-	c	o	n	t	a	g	i	o	u	s	-	d	i	s	e	a	s	e	s	
1	9	c	-	c	o	n	t	a	g	i	o	u	s	-	d	i	s	e	a	s	e	s	
1	9	c	-	c	o	n	t	a	g	i	o	u	s	-	d	i	s	e	a	s	e	s	
1	9	c	-	c	o	n	t	a	g	i	o	u	s	-	d	i	s	e	a	s	e	s	
1	9	c	-	c	o	n	t	a	g	i	o	u	s	-	d	i	s	e	a	s	e	s	
1	9	c	-	j	e	r	o	m	e	-	b	i	o	g	r	a	p	h	y	
1	9	c	-	j	e	r	o	m	e	-	b	i	o	g	r	a	p	h	y	
1	9	c	-	j	e	r	o	m	e	-	b	i	o	g	r	a	p	h	y	
1	9	c	-	j	e	r	o	m	e	-	b	i	o	g	r	a	p	h	y	
1	9	c	-	j	e	r	o	m	e	-	b	i	o	g	r	a	p	h	y	
1	9	c	-	j	e	r	o	m	e	-	b	i	o	g	r	a	p	h	y	
1	9	c	-	j	e	r	o	m	e	-	b	i	o	g	r	a	p	h	y	
1	9	c	-	d	a	d	d	-	b	i	o	g	r	a	p	h	y	
1	9	c	-	d	a	d	d	-	b	i	o	g	r	a	p	h	y	
1	9	c	-	d	a	d	d	-	b	i	o	g	r	a	p	h	y	
1	9	c	-	d	a	d	d	-	b	i	o	g	r	a	p	h	y	
1	9	c	-	d	a	d	d	-	b	i	o	g	r	a	p	h	y	
1	9	c	-	d	a	d	d	-	b	i	o	g	r	a	p	h	y	
1	9	c	-	d	a	d	d	-	b	i	o	g	r	a	p	h	y	
1	9	c	-	c	a	n	t	e	r	b	u	r	y	
1	9	c	-	c	a	n	t	e	r	b	u	r	y	
1	9	c	-	c	a	n	t	e	r	b	u	r	y	
1	9	c	-	c	a	n	t	e	r	b	u	r	y	
1	9	c	-	c	a	n	t	e	r	b	u	r	y	
1	9	c	-	c	a	n	t	e	r	b	u	r	y	
1	9	c	-	b	r	e	n	t	-	b	i	o	g	r	a	p	h	y	
1	9	c	-	b	r	e	n	t	-	b	i	o	g	r	a	p	h	y	
1	9	c	-	b	r	e	n	t	-	b	i	o	g	r	a	p	h	y	
1	9	c	-	b	r	e	n	t	-	b	i	o	g	r	a	p	h	y	
1	9	c	-	b	r	e	n	t	-	b	i	o	g	r	a	p	h	y	
1	9	c	-	b	r	e	n	t	-	b	i	o	g	r	a	p	h	y	
1	9	c	-	b	r	e	n	t	-	b	i	o	g	r	a	p	h	y	
1	9	c	-	b	r	e	n	t	-	b	i	o	g	r	a	p	h	y	
1	9	c	-	m	e	r	e	d	i	t	h	-	b	i	o	g	r	a	p	h	y	
1	9	c	-	m	e	r	e	d	i	t	h	-	b	i	o	g	r	a	p	h	y	
1	9	c	-	w	h	a	i	n	s	w	o	r	t	h	-	b	i	o	g	r	a	p	h	y	
1	9	c	-	w	h	a	i	n	s	w	o	r	t	h	-	b	i	o	g	r	a	p	h	y	
1	9	c	-	w	h	a	i	n	s	w	o	r	t	h	-	b	i	o	g	r	a	p	h	y	
1	9	c	-	w	h	a	i	n	s	w	o	r	t	h	-	b	i	o	g	r	a	p	h	y	
1	9	c	-	w	h	a	i	n	s	w	o	r	t	h	-	b	i	o	g	r	a	p	h	y	
1	9	c	-	c	r	o	k	e	r	-	m	i	s	s	b	a	l	m	a	i	n	e	
1	9	c	-	c	r	o	k	e	r	-	m	i	s	s	b	a	l	m	a	i	n	e	
1	9	c	-	c	r	o	k	e	r	-	m	i	s	s	b	a	l	m	a	i	n	e	
1	9	c	-	c	r	o	k	e	r	-	m	i	s	s	b	a	l	m	a	i	n	e	
1	9	c	-	c	r	o	k	e	r	-	m	i	s	s	b	a	l	m	a	i	n	e	
1	9	c	-	c	r	o	k	e	r	-	m	i	s	s	b	a	l	m	a	i	n	e	
1	9	c	-	c	r	o	k	e	r	-	m	i	s	s	b	a	l	m	a	i	n	e	
1	9	c	-	c	r	o	k	e	r	-	m	i	s	s	b	a	l	m	a	i	n	e	
1	9	c	-	c	r	o	k	e	r	-	m	i	s	s	b	a	l	m	a	i	n	e	
1	9	c	-	c	r	o	k	e	r	-	m	i	s	s	b	a	l	m	a	i	n	e	
1	9	c	-	c	r	o	k	e	r	-	m	i	s	s	b	a	l	m	a	i	n	e	
1	9	c	-	c	r	o	k	e	r	-	m	i	s	s	b	a	l	m	a	i	n	e	
1	9	c	-	c	r	o	k	e	r	-	m	i	s	s	b	a	l	m	a	i	n	e	
1	9	c	-	c	r	o	k	e	r	-	m	i	s	s	b	a	l	m	a	i	n	e	
1	9	c	-	w	a	l	p	o	l	e	-	b	i	o	g	r	a	p	h	y	
1	9	c	-	w	a	l	p	o	l	e	-	b	i	o	g	r	a	p	h	y	
1	9	c	-	w	a	l	p	o	l	e	-	b	i	o	g	r	a	p	h	y	
1	9	c	-	w	a	l	p	o	l	e	-	b	i	o	g	r	a	p	h	y	
1	9	c	-	w	a	l	p	o	l	e	-	b	i	o	g	r	a	p	h	y	
1	9	c	-	w	a	l	p	o	l	e	-	b	i	o	g	r	a	p	h	y	
1	9	c	-	w	a	l	p	o	l	e	-	b	i	o	g	r	a	p	h	y	
1	9	c	-	w	a	l	p	o	l	e	-	b	i	o	g	r	a	p	h	y	
1	9	c	-	r	e	y	n	o	l	d	s	g	w	m	-	b	i	o	g	r	a	p	h	y	
1	9	c	-	r	e	y	n	o	l	d	s	g	w	m	-	b	i	o	g	r	a	p	h	y	
1	9	c	-	r	e	y	n	o	l	d	s	g	w	m	-	b	i	o	g	r	a	p	h	y	
1	9	c	-	r	e	y	n	o	l	d	s	g	w	m	-	b	i	o	g	r	a	p	h	y	
1	9	c	-	r	e	y	n	o	l	d	s	g	w	m	-	b	i	o	g	r	a	p	h	y	
1	9	c	-	r	e	y	n	o	l	d	s	g	w	m	-	b	i	o	g	r	a	p	h	y	
1	9	c	-	r	e	y	n	o	l	d	s	g	w	m	-	b	i	o	g	r	a	p	h	y	
1	9	c	-	r	e	y	n	o	l	d	s	g	w	m	-	b	i	o	g	r	a	p	h	y	
1	9	c	-	s	t	o	r	r	-	b	i	o	g	r	a	p	h	y	
1	9	c	-	s	t	o	r	r	-	b	i	o	g	r	a	p	h	y	
1	9	c	-	s	t	o	r	r	-	b	i	o	g	r	a	p	h	y	
1	9	c	-	s	t	o	r	r	-	b	i	o	g	r	a	p	h	y	
1	9	c	-	s	t	o	r	r	-	b	i	o	g	r	a	p	h	y	
1	9	c	-	s	t	o	r	r	-	b	i	o	g	r	a	p	h	y	
1	9	c	-	s	t	o	r	r	-	b	i	o	g	r	a	p	h	y	
1	9	c	-	v	i	c	t	o	r	i	a	-	w	e	s	t	-	c	l	i	f	f	
1	9	c	-	v	i	c	t	o	r	i	a	-	w	e	s	t	-	c	l	i	f	f	
1	9	c	-	s	t	a	n	h	o	p	e	-	b	i	o	g	r	a	p	h	y	
1	9	c	-	s	t	a	n	h	o	p	e	-	b	i	o	g	r	a	p	h	y	
1	9	c	-	s	t	a	n	h	o	p	e	-	b	i	o	g	r	a	p	h	y	
1	9	c	-	s	t	a	n	h	o	p	e	-	b	i	o	g	r	a	p	h	y	
1	9	c	-	s	t	a	n	h	o	p	e	-	b	i	o	g	r	a	p	h	y	
1	9	c	-	h	e	n	t	y	-	b	i	o	g	r	a	p	h	y	
1	9	c	-	h	e	n	t	y	-	b	i	o	g	r	a	p	h	y	
1	9	c	-	h	e	n	t	y	-	b	i	o	g	r	a	p	h	y	
1	9	c	-	h	e	n	t	y	-	b	i	o	g	r	a	p	h	y	
1	9	c	-	c	r	o	w	e	-	b	i	o	g	r	a	p	h	y	
1	9	c	-	c	r	o	w	e	-	b	i	o	g	r	a	p	h	y	
1	9	c	-	c	r	o	w	e	-	b	i	o	g	r	a	p	h	y	
1	9	c	-	c	r	o	w	e	-	b	i	o	g	r	a	p	h	y	
1	9	c	-	c	r	o	w	e	-	b	i	o	g	r	a	p	h	y	
1	9	c	-	c	r	o	w	e	-	b	i	o	g	r	a	p	h	y	
1	9	c	-	b	u	r	d	e	t	t	-	c	o	u	t	t	s	-	b	i	o	g	r	a	p	h	y	
1	9	c	-	b	u	r	d	e	t	t	-	c	o	u	t	t	s	-	b	i	o	g	r	a	p	h	y	
1	9	c	-	b	u	r	d	e	t	t	-	c	o	u	t	t	s	-	b	i	o	g	r	a	p	h	y	
1	9	c	-	b	u	r	d	e	t	t	-	c	o	u	t	t	s	-	b	i	o	g	r	a	p	h	y	
1	9	c	-	v	i	c	t	o	r	i	a	-	b	i	o	g	r	a	p	h	y	
1	9	c	-	v	i	c	t	o	r	i	a	-	b	i	o	g	r	a	p	h	y	
1	9	c	-	v	i	c	t	o	r	i	a	-	b	i	o	g	r	a	p	h	y	
1	9	c	-	v	i	c	t	o	r	i	a	-	b	i	o	g	r	a	p	h	y	
1	9	c	-	c	h	a	t	h	a	m	-	d	o	c	k	y	a	r	d	
1	9	c	-	c	h	a	t	h	a	m	-	d	o	c	k	y	a	r	d	
1	9	c	-	c	h	a	t	h	a	m	-	d	o	c	k	y	a	r	d	
1	9	c	-	c	h	a	t	h	a	m	-	d	o	c	k	y	a	r	d	
1	9	c	-	c	h	a	t	h	a	m	-	d	o	c	k	y	a	r	d	
1	9	c	-	c	h	a	t	h	a	m	-	d	o	c	k	y	a	r	d	
1	9	c	-	m	a	r	c	h	a	n	t	b	-	b	i	o	g	r	a	p	h	y	
1	9	c	-	m	a	r	c	h	a	n	t	b	-	b	i	o	g	r	a	p	h	y	
1	9	c	-	m	a	r	c	h	a	n	t	b	-	b	i	o	g	r	a	p	h	y	
1	9	c	-	m	a	r	c	h	a	n	t	b	-	b	i	o	g	r	a	p	h	y	
1	9	c	-	f	o	l	k	e	s	t	o	n	e	-	f	r	e	e	-	l	i	b	r	a	r	y	
1	9	c	-	f	o	l	k	e	s	t	o	n	e	-	f	r	e	e	-	l	i	b	r	a	r	y	
1	9	c	-	f	o	l	k	e	s	t	o	n	e	-	f	r	e	e	-	l	i	b	r	a	r	y	
1	9	c	-	f	o	l	k	e	s	t	o	n	e	-	f	r	e	e	-	l	i	b	r	a	r	y	
1	9	c	-	f	o	l	k	e	s	t	o	n	e	-	f	r	e	e	-	l	i	b	r	a	r	y	
1	9	c	-	s	e	a	s	i	d	e	
1	9	c	-	s	e	a	s	i	d	e	
1	9	c	-	s	e	a	s	i	d	e	
1	9	c	-	s	e	a	s	i	d	e	
1	9	c	-	s	e	a	s	i	d	e	
1	9	c	-	t	u	r	k	i	s	h	-	b	a	t	h	s	
1	9	c	-	t	u	r	k	i	s	h	-	b	a	t	h	s	
1	9	c	-	t	u	r	k	i	s	h	-	b	a	t	h	s	
1	9	c	-	t	u	r	k	i	s	h	-	b	a	t	h	s	
1	9	c	-	t	u	r	k	i	s	h	-	b	a	t	h	s	
1	9	c	-	t	u	r	k	i	s	h	-	b	a	t	h	s	
1	9	c	-	t	u	r	k	i	s	h	-	b	a	t	h	s	
1	9	c	-	t	u	r	k	i	s	h	-	b	a	t	h	s	
1	9	c	-	t	u	r	k	i	s	h	-	b	a	t	h	s	
1	9	c	-	g	a	r	d	i	n	e	r	-	a	d	a	m	s	-	b	i	o	g	r	a	p	h	y	
1	9	c	-	g	a	r	d	i	n	e	r	-	a	d	a	m	s	-	b	i	o	g	r	a	p	h	y	
1	9	c	-	g	a	r	d	i	n	e	r	-	a	d	a	m	s	-	b	i	o	g	r	a	p	h	y	
1	9	c	-	g	a	r	d	i	n	e	r	-	a	d	a	m	s	-	b	i	o	g	r	a	p	h	y	
1	9	c	-	g	a	r	d	i	n	e	r	-	a	d	a	m	s	-	b	i	o	g	r	a	p	h	y	
1	9	c	-	g	a	r	d	i	n	e	r	-	a	d	a	m	s	-	b	i	o	g	r	a	p	h	y	
1	9	c	-	g	a	r	d	i	n	e	r	-	a	d	a	m	s	-	b	i	o	g	r	a	p	h	y	
1	9	c	-	k	e	a	t	s	-	m	a	r	g	a	t	e	
1	9	c	-	k	e	a	t	s	-	m	a	r	g	a	t	e	
1	9	c	-	k	e	a	t	s	-	m	a	r	g	a	t	e	
1	9	c	-	k	e	a	t	s	-	m	a	r	g	a	t	e	
1	9	c	-	k	e	a	t	s	-	m	a	r	g	a	t	e	
1	9	c	-	b	u	r	n	a	n	d	-	b	i	o	g	r	a	p	h	y	
1	9	c	-	b	u	r	n	a	n	d	-	b	i	o	g	r	a	p	h	y	
1	9	c	-	b	u	r	n	a	n	d	-	b	i	o	g	r	a	p	h	y	
1	9	c	-	b	u	r	n	a	n	d	-	b	i	o	g	r	a	p	h	y	
1	9	c	-	c	o	w	d	e	n	-	c	l	a	r	k	e	-	b	i	o	g	r	a	p	h	y	
1	9	c	-	c	o	w	d	e	n	-	c	l	a	r	k	e	-	b	i	o	g	r	a	p	h	y	
1	9	c	-	c	o	w	d	e	n	-	c	l	a	r	k	e	-	b	i	o	g	r	a	p	h	y	
1	9	c	-	c	o	w	d	e	n	-	c	l	a	r	k	e	-	b	i	o	g	r	a	p	h	y	
1	9	c	-	c	o	w	d	e	n	-	c	l	a	r	k	e	-	b	i	o	g	r	a	p	h	y	
1	9	c	-	c	o	w	d	e	n	-	c	l	a	r	k	e	-	b	i	o	g	r	a	p	h	y	
1	9	c	-	d	a	r	w	i	n	-	b	i	o	g	r	a	p	h	y	
1	9	c	-	d	a	r	w	i	n	-	b	i	o	g	r	a	p	h	y	
1	9	c	-	d	a	r	w	i	n	-	b	i	o	g	r	a	p	h	y	
1	9	c	-	d	a	r	w	i	n	-	b	i	o	g	r	a	p	h	y	
1	9	c	-	d	a	r	w	i	n	-	b	i	o	g	r	a	p	h	y	
1	9	c	-	d	a	r	w	i	n	-	b	i	o	g	r	a	p	h	y	
1	9	c	-	f	o	l	k	e	s	t	o	n	e	
1	9	c	-	f	o	l	k	e	s	t	o	n	e	
1	9	c	-	f	o	l	k	e	s	t	o	n	e	
1	9	c	-	f	o	l	k	e	s	t	o	n	e	
1	9	c	-	f	o	l	k	e	s	t	o	n	e	
1	9	c	-	f	o	l	k	e	s	t	o	n	e	
1	9	c	-	m	a	r	g	a	t	e	
1	9	c	-	m	a	r	g	a	t	e	
1	9	c	-	m	a	r	g	a	t	e	
1	9	c	-	m	a	r	g	a	t	e	
1	9	c	-	m	a	r	g	a	t	e	
1	9	c	-	m	a	r	g	a	t	e	
1	9	c	-	m	a	r	g	a	t	e	
1	9	c	-	m	a	r	g	a	t	e	
1	9	c	-	w	a	i	n	-	b	i	o	g	r	a	p	h	y	
1	9	c	-	w	a	i	n	-	b	i	o	g	r	a	p	h	y	
1	9	c	-	w	a	i	n	-	b	i	o	g	r	a	p	h	y	
1	9	c	-	w	a	i	n	-	b	i	o	g	r	a	p	h	y	
1	9	c	-	w	a	i	n	-	b	i	o	g	r	a	p	h	y	
1	9	c	-	w	a	i	n	-	b	i	o	g	r	a	p	h	y	
1	9	c	-	w	a	i	n	-	b	i	o	g	r	a	p	h	y	
1	9	c	-	w	a	i	n	-	b	i	o	g	r	a	p	h	y	
1	9	c	-	w	a	i	n	-	b	i	o	g	r	a	p	h	y	
1	9	c	-	w	a	i	n	-	b	i	o	g	r	a	p	h	y	
1	9	c	-	w	a	i	n	-	b	i	o	g	r	a	p	h	y	
1	9	c	-	b	l	a	c	k	m	o	r	e	-	b	i	o	g	r	a	p	h	y	
1	9	c	-	b	l	a	c	k	m	o	r	e	-	b	i	o	g	r	a	p	h	y	
1	9	c	-	b	l	a	c	k	m	o	r	e	-	b	i	o	g	r	a	p	h	y	
1	9	c	-	b	l	a	c	k	m	o	r	e	-	b	i	o	g	r	a	p	h	y	
1	9	c	-	f	r	a	n	k	l	i	n	-	b	i	o	g	r	a	p	h	y	
1	9	c	-	f	r	a	n	k	l	i	n	-	b	i	o	g	r	a	p	h	y	
1	9	c	-	f	r	a	n	k	l	i	n	-	b	i	o	g	r	a	p	h	y	
1	9	c	-	f	r	a	n	k	l	i	n	-	b	i	o	g	r	a	p	h	y	
1	9	c	-	f	r	a	n	k	l	i	n	-	b	i	o	g	r	a	p	h	y	
g	r	a	v	e	s	e	n	d	-	o	v	e	r	v	i	e	w	
g	r	a	v	e	s	e	n	d	-	o	v	e	r	v	i	e	w	
g	r	a	v	e	s	e	n	d	-	o	v	e	r	v	i	e	w	
g	r	a	v	e	s	e	n	d	-	o	v	e	r	v	i	e	w	
2	0	c	-	w	y	n	n	e	-	b	i	o	g	r	a	p	h	y	
2	0	c	-	w	y	n	n	e	-	b	i	o	g	r	a	p	h	y	
2	0	c	-	w	y	n	n	e	-	b	i	o	g	r	a	p	h	y	
2	0	c	-	c	h	u	r	c	h	i	l	l	-	c	h	a	r	t	w	e	l	l	
2	0	c	-	c	h	u	r	c	h	i	l	l	-	c	h	a	r	t	w	e	l	l	
2	0	c	-	c	h	u	r	c	h	i	l	l	-	c	h	a	r	t	w	e	l	l	
2	0	c	-	c	h	u	r	c	h	i	l	l	-	c	h	a	r	t	w	e	l	l	
2	0	c	-	c	h	u	r	c	h	i	l	l	-	c	h	a	r	t	w	e	l	l	
2	0	c	-	c	h	u	r	c	h	i	l	l	-	c	h	a	r	t	w	e	l	l	
2	0	c	-	c	h	u	r	c	h	i	l	l	-	c	h	a	r	t	w	e	l	l	
2	0	c	-	c	h	u	r	c	h	i	l	l	-	c	h	a	r	t	w	e	l	l	
2	0	c	-	c	h	u	r	c	h	i	l	l	-	c	h	a	r	t	w	e	l	l	
2	0	c	-	c	h	u	r	c	h	i	l	l	-	c	h	a	r	t	w	e	l	l	
2	0	c	-	f	e	r	g	u	s	o	n	-	b	i	o	g	r	a	p	h	y	
2	0	c	-	f	e	r	g	u	s	o	n	-	b	i	o	g	r	a	p	h	y	
2	0	c	-	f	e	r	g	u	s	o	n	-	b	i	o	g	r	a	p	h	y	
2	0	c	-	f	e	r	g	u	s	o	n	-	b	i	o	g	r	a	p	h	y	
2	0	c	-	f	e	r	g	u	s	o	n	-	b	i	o	g	r	a	p	h	y	
2	0	c	-	f	l	e	m	i	n	g	-	b	i	o	g	r	a	p	h	y	
2	0	c	-	f	l	e	m	i	n	g	-	b	i	o	g	r	a	p	h	y	
2	0	c	-	f	l	e	m	i	n	g	-	b	i	o	g	r	a	p	h	y	
2	0	c	-	f	l	e	m	i	n	g	-	b	i	o	g	r	a	p	h	y	
2	0	c	-	f	l	e	m	i	n	g	-	b	i	o	g	r	a	p	h	y	
2	0	c	-	f	l	e	m	i	n	g	-	b	i	o	g	r	a	p	h	y	
2	0	c	-	f	l	e	m	i	n	g	-	b	i	o	g	r	a	p	h	y	
2	0	c	-	f	l	e	m	i	n	g	-	b	i	o	g	r	a	p	h	y	
2	0	c	-	f	l	e	m	i	n	g	-	b	i	o	g	r	a	p	h	y	
2	0	c	-	f	l	e	m	i	n	g	-	b	i	o	g	r	a	p	h	y	
2	0	c	-	f	l	e	m	i	n	g	-	b	i	o	g	r	a	p	h	y	
2	0	c	-	b	r	o	o	k	e	-	b	i	o	g	r	a	p	h	y	
2	0	c	-	b	r	o	o	k	e	-	b	i	o	g	r	a	p	h	y	
2	0	c	-	b	r	o	o	k	e	-	b	i	o	g	r	a	p	h	y	
2	0	c	-	b	r	o	o	k	e	-	b	i	o	g	r	a	p	h	y	
2	0	c	-	b	r	o	o	k	e	-	b	i	o	g	r	a	p	h	y	
2	0	c	-	b	e	l	g	i	a	n	-	r	e	f	u	g	e	e	s	
2	0	c	-	b	e	l	g	i	a	n	-	r	e	f	u	g	e	e	s	
2	0	c	-	o	r	c	z	y	-	b	i	o	g	r	a	p	h	y	
2	0	c	-	o	r	c	z	y	-	b	i	o	g	r	a	p	h	y	
2	0	c	-	o	r	c	z	y	-	b	i	o	g	r	a	p	h	y	
2	0	c	-	o	r	c	z	y	-	b	i	o	g	r	a	p	h	y	
2	0	c	-	o	r	c	z	y	-	b	i	o	g	r	a	p	h	y	
2	0	c	-	o	r	c	z	y	-	b	i	o	g	r	a	p	h	y	
2	0	c	-	o	r	c	z	y	-	b	i	o	g	r	a	p	h	y	
2	0	c	-	o	r	c	z	y	-	b	i	o	g	r	a	p	h	y	
2	0	c	-	o	r	c	z	y	-	b	i	o	g	r	a	p	h	y	
2	0	c	-	o	r	c	z	y	-	b	i	o	g	r	a	p	h	y	
2	0	c	-	o	r	c	z	y	-	b	i	o	g	r	a	p	h	y	
2	0	c	-	h	o	p	-	p	i	c	k	i	n	g	
2	0	c	-	h	o	p	-	p	i	c	k	i	n	g	
2	0	c	-	h	o	p	-	p	i	c	k	i	n	g	
2	0	c	-	h	o	p	-	p	i	c	k	i	n	g	
2	0	c	-	h	o	p	-	p	i	c	k	i	n	g	
2	0	c	-	h	o	p	-	p	i	c	k	i	n	g	
2	0	c	-	h	o	p	-	p	i	c	k	i	n	g	
2	0	c	-	h	o	p	-	p	i	c	k	i	n	g	
2	0	c	-	h	o	p	-	p	i	c	k	i	n	g	
2	0	c	-	h	a	m	i	l	t	o	n	-	b	i	o	g	r	a	p	h	y	
2	0	c	-	h	a	m	i	l	t	o	n	-	b	i	o	g	r	a	p	h	y	
2	0	c	-	h	a	m	i	l	t	o	n	-	b	i	o	g	r	a	p	h	y	
2	0	c	-	f	o	l	k	e	s	t	o	n	e	-	w	w	1	
2	0	c	-	f	o	l	k	e	s	t	o	n	e	-	w	w	1	
2	0	c	-	f	o	l	k	e	s	t	o	n	e	-	w	w	1	
w	w	2	-	d	o	o	d	l	e	b	u	g	
w	w	2	-	d	o	o	d	l	e	b	u	g	
w	w	2	-	d	o	o	d	l	e	b	u	g	
2	0	c	-	c	o	h	e	n	-	b	i	o	g	r	a	p	h	y	
2	0	c	-	c	o	h	e	n	-	b	i	o	g	r	a	p	h	y	
2	0	c	-	c	o	h	e	n	-	b	i	o	g	r	a	p	h	y	
2	0	c	-	c	o	h	e	n	-	b	i	o	g	r	a	p	h	y	
2	0	c	-	c	o	h	e	n	-	b	i	o	g	r	a	p	h	y	
2	0	c	-	c	o	h	e	n	-	b	i	o	g	r	a	p	h	y	
2	0	c	-	c	o	h	e	n	-	b	i	o	g	r	a	p	h	y	
2	0	c	-	c	o	h	e	n	-	b	i	o	g	r	a	p	h	y	
2	0	c	-	c	o	h	e	n	-	b	i	o	g	r	a	p	h	y	
2	0	c	-	c	o	h	e	n	-	b	i	o	g	r	a	p	h	y	
2	0	c	-	c	r	a	i	g	-	b	i	o	g	r	a	p	h	y	
2	0	c	-	c	r	a	i	g	-	b	i	o	g	r	a	p	h	y	
2	0	c	-	c	r	a	i	g	-	b	i	o	g	r	a	p	h	y	
2	0	c	-	c	r	a	i	g	-	b	i	o	g	r	a	p	h	y	
2	0	c	-	c	r	a	i	g	-	b	i	o	g	r	a	p	h	y	
2	0	c	-	w	e	l	l	s	h	g	-	b	i	o	g	r	a	p	h	y	
2	0	c	-	w	e	l	l	s	h	g	-	b	i	o	g	r	a	p	h	y	
2	0	c	-	w	e	l	l	s	h	g	-	b	i	o	g	r	a	p	h	y	
2	0	c	-	w	e	l	l	s	h	g	-	b	i	o	g	r	a	p	h	y	
2	0	c	-	w	e	l	l	s	h	g	-	b	i	o	g	r	a	p	h	y	
2	0	c	-	w	e	l	l	s	h	g	-	b	i	o	g	r	a	p	h	y	
2	0	c	-	w	e	l	l	s	h	g	-	b	i	o	g	r	a	p	h	y	
2	0	c	-	m	a	x	w	e	l	l	d	-	b	i	o	g	r	a	p	h	y	
2	0	c	-	m	a	x	w	e	l	l	d	-	b	i	o	g	r	a	p	h	y	
2	0	c	-	m	a	x	w	e	l	l	d	-	b	i	o	g	r	a	p	h	y	
2	0	c	-	m	a	x	w	e	l	l	d	-	b	i	o	g	r	a	p	h	y	
2	0	c	-	m	a	x	w	e	l	l	d	-	b	i	o	g	r	a	p	h	y	
2	0	c	-	b	l	u	n	d	e	n	-	b	i	o	g	r	a	p	h	y	
2	0	c	-	b	l	u	n	d	e	n	-	b	i	o	g	r	a	p	h	y	
2	0	c	-	b	l	u	n	d	e	n	-	b	i	o	g	r	a	p	h	y	
2	0	c	-	b	l	u	n	d	e	n	-	b	i	o	g	r	a	p	h	y	
2	0	c	-	b	l	u	n	d	e	n	-	b	i	o	g	r	a	p	h	y	
2	0	c	-	j	a	m	e	s	m	r	-	b	i	o	g	r	a	p	h	y	
2	0	c	-	j	a	m	e	s	m	r	-	b	i	o	g	r	a	p	h	y	
2	0	c	-	j	a	m	e	s	m	r	-	b	i	o	g	r	a	p	h	y	
2	0	c	-	j	a	m	e	s	m	r	-	b	i	o	g	r	a	p	h	y	
2	0	c	-	j	a	m	e	s	m	r	-	b	i	o	g	r	a	p	h	y	
2	0	c	-	j	a	r	m	a	n	-	b	i	o	g	r	a	p	h	y	
2	0	c	-	j	a	r	m	a	n	-	b	i	o	g	r	a	p	h	y	
2	0	c	-	j	a	r	m	a	n	-	b	i	o	g	r	a	p	h	y	
2	0	c	-	j	a	r	m	a	n	-	b	i	o	g	r	a	p	h	y	
2	0	c	-	d	o	u	b	l	e	-	d	o	u	b	l	e	
2	0	c	-	d	o	u	b	l	e	-	d	o	u	b	l	e	
2	0	c	-	d	o	u	b	l	e	-	d	o	u	b	l	e	
2	0	c	-	p	o	w	e	l	l	-	c	o	t	t	o	n	
2	0	c	-	p	o	w	e	l	l	-	c	o	t	t	o	n	
2	0	c	-	p	o	w	e	l	l	-	c	o	t	t	o	n	
2	0	c	-	k	e	n	t	-	m	i	n	e	r	s	
2	0	c	-	k	e	n	t	-	m	i	n	e	r	s	
2	0	c	-	k	e	n	t	-	m	i	n	e	r	s	
2	0	c	-	k	e	n	t	-	m	i	n	e	r	s	
2	0	c	-	k	e	n	t	-	m	i	n	e	r	s	
2	0	c	-	k	e	n	t	-	m	i	n	e	r	s	
2	0	c	-	k	e	n	t	-	m	i	n	e	r	s	
2	0	c	-	k	e	n	t	-	m	i	n	e	r	s	
2	0	c	-	k	e	n	t	-	m	i	n	e	r	s	
2	0	c	-	t	e	r	r	y	-	f	u	n	e	r	a	l	
2	0	c	-	t	e	r	r	y	-	f	u	n	e	r	a	l	
2	0	c	-	f	i	r	m	i	n	-	w	i	n	t	e	r	-	d	i	a	r	y	
2	0	c	-	f	i	r	m	i	n	-	w	i	n	t	e	r	-	d	i	a	r	y	
2	0	c	-	f	i	r	m	i	n	-	w	i	n	t	e	r	-	d	i	a	r	y	
2	0	c	-	f	i	r	m	i	n	-	w	i	n	t	e	r	-	d	i	a	r	y	
2	0	c	-	f	i	r	m	i	n	-	w	i	n	t	e	r	-	d	i	a	r	y	
2	0	c	-	f	i	r	m	i	n	-	w	i	n	t	e	r	-	d	i	a	r	y	
2	0	c	-	f	i	r	m	i	n	-	w	i	n	t	e	r	-	d	i	a	r	y	
2	0	c	-	p	o	r	t	e	r	-	b	i	o	g	r	a	p	h	y	
2	0	c	-	p	o	r	t	e	r	-	b	i	o	g	r	a	p	h	y	
2	0	c	-	p	o	r	t	e	r	-	b	i	o	g	r	a	p	h	y	
2	0	c	-	p	o	r	t	e	r	-	b	i	o	g	r	a	p	h	y	
2	0	c	-	p	o	r	t	e	r	-	b	i	o	g	r	a	p	h	y	
2	0	c	-	p	o	r	t	e	r	-	b	i	o	g	r	a	p	h	y	
2	0	c	-	f	r	e	e	m	a	n	-	b	i	o	g	r	a	p	h	y	
2	0	c	-	f	r	e	e	m	a	n	-	b	i	o	g	r	a	p	h	y	
2	0	c	-	f	r	e	e	m	a	n	-	b	i	o	g	r	a	p	h	y	
2	0	c	-	f	r	e	e	m	a	n	-	b	i	o	g	r	a	p	h	y	
2	0	c	-	f	r	e	e	m	a	n	-	b	i	o	g	r	a	p	h	y	
2	0	c	-	f	r	e	e	m	a	n	-	b	i	o	g	r	a	p	h	y	
2	0	c	-	f	r	e	e	m	a	n	-	b	i	o	g	r	a	p	h	y	
2	0	c	-	p	e	n	d	e	r	e	d	-	b	i	o	g	r	a	p	h	y	
2	0	c	-	p	e	n	d	e	r	e	d	-	b	i	o	g	r	a	p	h	y	
2	0	c	-	p	e	n	d	e	r	e	d	-	b	i	o	g	r	a	p	h	y	
2	0	c	-	p	e	n	d	e	r	e	d	-	b	i	o	g	r	a	p	h	y	
2	0	c	-	p	e	n	d	e	r	e	d	-	b	i	o	g	r	a	p	h	y	
2	0	c	-	p	e	n	d	e	r	e	d	-	b	i	o	g	r	a	p	h	y	
2	0	c	-	p	e	n	d	e	r	e	d	-	b	i	o	g	r	a	p	h	y	
2	0	c	-	p	e	n	d	e	r	e	d	-	b	i	o	g	r	a	p	h	y	
2	0	c	-	p	e	n	d	e	r	e	d	-	b	i	o	g	r	a	p	h	y	
2	0	c	-	p	e	n	d	e	r	e	d	-	b	i	o	g	r	a	p	h	y	
2	0	c	-	p	e	n	d	e	r	e	d	-	b	i	o	g	r	a	p	h	y	
2	0	c	-	h	u	r	r	i	c	a	n	e	
2	0	c	-	h	u	r	r	i	c	a	n	e	
2	0	c	-	h	o	l	t	-	b	i	o	g	r	a	p	h	y	
2	0	c	-	h	o	l	t	-	b	i	o	g	r	a	p	h	y	
2	0	c	-	h	o	l	t	-	b	i	o	g	r	a	p	h	y	
2	0	c	-	h	o	l	t	-	b	i	o	g	r	a	p	h	y	
2	0	c	-	h	o	l	t	-	b	i	o	g	r	a	p	h	y	
2	0	c	-	h	o	l	t	-	b	i	o	g	r	a	p	h	y	
2	0	c	-	h	o	l	t	-	b	i	o	g	r	a	p	h	y	
2	0	c	-	h	o	l	t	-	b	i	o	g	r	a	p	h	y	
2	0	c	-	h	o	l	t	-	b	i	o	g	r	a	p	h	y	
2	0	c	-	r	u	p	e	r	t	-	b	e	a	r	
2	0	c	-	r	u	p	e	r	t	-	b	e	a	r	
2	0	c	-	r	u	p	e	r	t	-	b	e	a	r	
2	0	c	-	s	e	c	r	e	t	-	t	u	n	n	e	l	s	
2	0	c	-	s	e	c	r	e	t	-	t	u	n	n	e	l	s	
2	0	c	-	s	e	c	r	e	t	-	t	u	n	n	e	l	s	
2	0	c	-	s	e	c	r	e	t	-	t	u	n	n	e	l	s	
2	0	c	-	s	e	c	r	e	t	-	t	u	n	n	e	l	s	
2	0	c	-	s	e	c	r	e	t	-	t	u	n	n	e	l	s	
2	0	c	-	v	o	n	a	r	n	i	m	-	b	i	o	g	r	a	p	h	y	
2	0	c	-	v	o	n	a	r	n	i	m	-	b	i	o	g	r	a	p	h	y	
2	0	c	-	v	o	n	a	r	n	i	m	-	b	i	o	g	r	a	p	h	y	
2	0	c	-	v	o	n	a	r	n	i	m	-	b	i	o	g	r	a	p	h	y	
2	0	c	-	v	o	n	a	r	n	i	m	-	b	i	o	g	r	a	p	h	y	
2	0	c	-	v	o	n	a	r	n	i	m	-	b	i	o	g	r	a	p	h	y	
2	0	c	-	v	o	n	a	r	n	i	m	-	b	i	o	g	r	a	p	h	y	
2	0	c	-	v	o	n	a	r	n	i	m	-	b	i	o	g	r	a	p	h	y	
2	0	c	-	v	o	n	a	r	n	i	m	-	b	i	o	g	r	a	p	h	y	
2	0	c	-	v	o	n	a	r	n	i	m	-	b	i	o	g	r	a	p	h	y	
2	0	c	-	v	o	n	a	r	n	i	m	-	b	i	o	g	r	a	p	h	y	
2	0	c	-	v	o	n	a	r	n	i	m	-	b	i	o	g	r	a	p	h	y	
2	0	c	-	n	o	r	t	h	b	o	u	r	n	e	-	b	i	o	g	r	a	p	h	y	
2	0	c	-	n	o	r	t	h	b	o	u	r	n	e	-	b	i	o	g	r	a	p	h	y	
2	0	c	-	n	o	r	t	h	b	o	u	r	n	e	-	b	i	o	g	r	a	p	h	y	
2	0	c	-	n	o	r	t	h	b	o	u	r	n	e	-	b	i	o	g	r	a	p	h	y	
2	0	c	-	n	o	r	t	h	b	o	u	r	n	e	-	b	i	o	g	r	a	p	h	y	
2	0	c	-	n	o	r	t	h	b	o	u	r	n	e	-	b	i	o	g	r	a	p	h	y	
2	0	c	-	n	o	r	t	h	b	o	u	r	n	e	-	b	i	o	g	r	a	p	h	y	
2	0	c	-	n	o	r	t	h	b	o	u	r	n	e	-	b	i	o	g	r	a	p	h	y	
2	0	c	-	m	a	u	g	h	a	m	-	b	i	o	g	r	a	p	h	y	
2	0	c	-	m	a	u	g	h	a	m	-	b	i	o	g	r	a	p	h	y	
2	0	c	-	m	a	u	g	h	a	m	-	b	i	o	g	r	a	p	h	y	
2	0	c	-	m	a	u	g	h	a	m	-	b	i	o	g	r	a	p	h	y	
2	0	c	-	m	a	u	g	h	a	m	-	b	i	o	g	r	a	p	h	y	
2	0	c	-	m	a	u	g	h	a	m	-	b	i	o	g	r	a	p	h	y	
2	0	c	-	f	o	r	s	t	e	r	-	e	m	-	b	i	o	g	r	a	p	h	y	
2	0	c	-	f	o	r	s	t	e	r	-	e	m	-	b	i	o	g	r	a	p	h	y	
2	0	c	-	f	o	r	s	t	e	r	-	e	m	-	b	i	o	g	r	a	p	h	y	
2	0	c	-	o	w	e	n	-	b	i	o	g	r	a	p	h	y	
2	0	c	-	o	w	e	n	-	b	i	o	g	r	a	p	h	y	
2	0	c	-	f	a	n	t	h	o	r	p	e	-	b	i	o	g	r	a	p	h	y	
2	0	c	-	f	a	n	t	h	o	r	p	e	-	b	i	o	g	r	a	p	h	y	
2	0	c	-	f	a	n	t	h	o	r	p	e	-	b	i	o	g	r	a	p	h	y	
2	0	c	-	f	a	n	t	h	o	r	p	e	-	b	i	o	g	r	a	p	h	y	
2	0	c	-	p	e	c	k	-	b	i	o	g	r	a	p	h	y	
2	0	c	-	p	e	c	k	-	b	i	o	g	r	a	p	h	y	
2	0	c	-	b	a	t	t	l	e	-	o	f	-	b	r	i	t	a	i	n	-	m	e	m	o	r	i	a	l	
2	0	c	-	b	a	t	t	l	e	-	o	f	-	b	r	i	t	a	i	n	-	m	e	m	o	r	i	a	l	
2	0	c	-	b	a	t	t	l	e	-	o	f	-	b	r	i	t	a	i	n	-	m	e	m	o	r	i	a	l	
2	0	c	-	b	a	t	t	l	e	-	o	f	-	b	r	i	t	a	i	n	-	m	e	m	o	r	i	a	l	
2	0	c	-	b	a	t	t	l	e	-	o	f	-	b	r	i	t	a	i	n	-	m	e	m	o	r	i	a	l	
2	0	c	-	b	a	t	t	l	e	-	o	f	-	b	r	i	t	a	i	n	-	m	e	m	o	r	i	a	l	
2	0	c	-	b	o	w	e	n	-	b	i	o	g	r	a	p	h	y	
2	0	c	-	b	o	w	e	n	-	b	i	o	g	r	a	p	h	y	
2	0	c	-	b	o	w	e	n	-	b	i	o	g	r	a	p	h	y	
2	0	c	-	b	o	w	e	n	-	b	i	o	g	r	a	p	h	y	
2	0	c	-	b	o	w	e	n	-	b	i	o	g	r	a	p	h	y	
2	0	c	-	b	o	w	e	n	-	b	i	o	g	r	a	p	h	y	
2	0	c	-	b	o	w	e	n	-	b	i	o	g	r	a	p	h	y	
2	0	c	-	b	o	w	e	n	-	b	i	o	g	r	a	p	h	y	
2	0	c	-	b	o	w	e	n	-	b	i	o	g	r	a	p	h	y	
2	0	c	-	b	o	w	e	n	-	b	i	o	g	r	a	p	h	y	
2	0	c	-	b	o	w	e	n	-	b	i	o	g	r	a	p	h	y	
2	0	c	-	s	a	c	k	v	i	l	l	e	-	w	e	s	t	-	b	i	o	g	r	a	p	h	y	
2	0	c	-	s	a	c	k	v	i	l	l	e	-	w	e	s	t	-	b	i	o	g	r	a	p	h	y	
2	0	c	-	s	a	c	k	v	i	l	l	e	-	w	e	s	t	-	b	i	o	g	r	a	p	h	y	
2	0	c	-	s	a	c	k	v	i	l	l	e	-	w	e	s	t	-	b	i	o	g	r	a	p	h	y	
2	0	c	-	s	a	c	k	v	i	l	l	e	-	w	e	s	t	-	b	i	o	g	r	a	p	h	y	
2	0	c	-	s	a	c	k	v	i	l	l	e	-	w	e	s	t	-	b	i	o	g	r	a	p	h	y	
2	0	c	-	s	a	c	k	v	i	l	l	e	-	w	e	s	t	-	b	i	o	g	r	a	p	h	y	
2	0	c	-	s	a	c	k	v	i	l	l	e	-	w	e	s	t	-	b	i	o	g	r	a	p	h	y	
2	0	c	-	k	a	y	e	-	s	m	i	t	h	-	d	e	l	m	o	n	d	e	n	
2	0	c	-	k	a	y	e	-	s	m	i	t	h	-	d	e	l	m	o	n	d	e	n	
2	0	c	-	k	a	y	e	-	s	m	i	t	h	-	d	e	l	m	o	n	d	e	n	
2	0	c	-	k	a	y	e	-	s	m	i	t	h	-	d	e	l	m	o	n	d	e	n	
2	0	c	-	s	a	l	m	o	n	-	b	i	o	g	r	a	p	h	y	
2	0	c	-	s	a	l	m	o	n	-	b	i	o	g	r	a	p	h	y	
2	0	c	-	s	a	l	m	o	n	-	b	i	o	g	r	a	p	h	y	
2	0	c	-	s	a	l	m	o	n	-	b	i	o	g	r	a	p	h	y	
2	0	c	-	s	a	l	m	o	n	-	b	i	o	g	r	a	p	h	y	
2	0	c	-	s	a	l	m	o	n	-	b	i	o	g	r	a	p	h	y	
2	0	c	-	t	o	u	r	t	e	l	-	b	i	o	g	r	a	p	h	y	
2	0	c	-	t	o	u	r	t	e	l	-	b	i	o	g	r	a	p	h	y	
2	0	c	-	t	o	u	r	t	e	l	-	b	i	o	g	r	a	p	h	y	
2	0	c	-	t	o	u	r	t	e	l	-	b	i	o	g	r	a	p	h	y	
2	0	c	-	t	o	u	r	t	e	l	-	b	i	o	g	r	a	p	h	y	
2	0	c	-	t	o	u	r	t	e	l	-	b	i	o	g	r	a	p	h	y	
2	0	c	-	t	o	u	r	t	e	l	-	b	i	o	g	r	a	p	h	y	
2	0	c	-	w	a	t	e	r	e	r	-	b	i	o	g	r	a	p	h	y	
2	0	c	-	w	a	t	e	r	e	r	-	b	i	o	g	r	a	p	h	y	
2	0	c	-	w	a	t	e	r	e	r	-	b	i	o	g	r	a	p	h	y	
2	0	c	-	w	a	t	e	r	e	r	-	b	i	o	g	r	a	p	h	y	
2	0	c	-	w	a	t	e	r	e	r	-	b	i	o	g	r	a	p	h	y	
2	0	c	-	p	o	w	e	l	l	-	c	o	t	t	o	n	-	b	i	o	g	r	a	p	h	y	 	D	E	L	E	T	E	
2	0	c	-	p	o	w	e	l	l	-	c	o	t	t	o	n	-	b	i	o	g	r	a	p	h	y	 	D	E	L	E	T	E	
2	0	c	-	c	o	w	a	r	d	-	b	i	o	g	r	a	p	h	y	
2	0	c	-	c	o	w	a	r	d	-	b	i	o	g	r	a	p	h	y	
2	0	c	-	c	o	w	a	r	d	-	b	i	o	g	r	a	p	h	y	
2	0	c	-	c	o	w	a	r	d	-	b	i	o	g	r	a	p	h	y	
2	0	c	-	c	o	w	a	r	d	-	b	i	o	g	r	a	p	h	y	
2	0	c	-	t	e	r	r	y	-	b	i	o	g	r	a	p	h	y	
2	0	c	-	t	e	r	r	y	-	b	i	o	g	r	a	p	h	y	
2	0	c	-	t	e	r	r	y	-	b	i	o	g	r	a	p	h	y	
2	0	c	-	t	e	r	r	y	-	b	i	o	g	r	a	p	h	y	
2	0	c	-	t	e	r	r	y	-	b	i	o	g	r	a	p	h	y	
2	0	c	-	t	e	r	r	y	-	b	i	o	g	r	a	p	h	y	
2	0	c	-	t	e	r	r	y	-	b	i	o	g	r	a	p	h	y	
2	0	c	-	t	e	r	r	y	-	b	i	o	g	r	a	p	h	y	
2	0	c	-	e	l	i	o	t	-	b	i	o	g	r	a	p	h	y	
2	0	c	-	e	l	i	o	t	-	b	i	o	g	r	a	p	h	y	
2	0	c	-	e	l	i	o	t	-	b	i	o	g	r	a	p	h	y	
2	0	c	-	e	l	i	o	t	-	b	i	o	g	r	a	p	h	y	
2	0	c	-	r	i	c	h	b	o	r	o	u	g	h	
2	0	c	-	r	i	c	h	b	o	r	o	u	g	h	
2	0	c	-	r	i	c	h	b	o	r	o	u	g	h	
2	0	c	-	r	i	c	h	b	o	r	o	u	g	h	
2	0	c	-	w	i	n	b	o	l	t	-	b	i	o	g	r	a	p	h	y	
2	0	c	-	w	i	n	b	o	l	t	-	b	i	o	g	r	a	p	h	y	
2	0	c	-	w	i	n	b	o	l	t	-	b	i	o	g	r	a	p	h	y	
2	0	c	-	w	i	n	b	o	l	t	-	b	i	o	g	r	a	p	h	y	
2	0	c	-	w	i	n	b	o	l	t	-	b	i	o	g	r	a	p	h	y	
2	0	c	-	w	i	n	b	o	l	t	-	b	i	o	g	r	a	p	h	y	
2	0	c	-	w	i	n	b	o	l	t	-	b	i	o	g	r	a	p	h	y	
2	0	c	-	f	o	r	d	m	a	d	o	x	f	o	r	d	-	b	i	o	g	r	a	p	h	y	
2	0	c	-	f	o	r	d	m	a	d	o	x	f	o	r	d	-	b	i	o	g	r	a	p	h	y	
2	0	c	-	f	o	r	d	m	a	d	o	x	f	o	r	d	-	b	i	o	g	r	a	p	h	y	
2	0	c	-	f	o	r	d	m	a	d	o	x	f	o	r	d	-	b	i	o	g	r	a	p	h	y	
2	0	c	-	f	o	r	d	m	a	d	o	x	f	o	r	d	-	b	i	o	g	r	a	p	h	y	
e	d	w	i	n	-	d	r	o	o	d	-	c	u	r	a	t	e	d	-	w	a	l	k	
e	d	w	i	n	-	d	r	o	o	d	-	c	u	r	a	t	e	d	-	w	a	l	k	
e	d	w	i	n	-	d	r	o	o	d	-	c	u	r	a	t	e	d	-	w	a	l	k	
e	d	w	i	n	-	d	r	o	o	d	-	c	u	r	a	t	e	d	-	w	a	l	k	
e	d	w	i	n	-	d	r	o	o	d	-	c	u	r	a	t	e	d	-	w	a	l	k	
e	d	w	i	n	-	d	r	o	o	d	-	c	u	r	a	t	e	d	-	w	a	l	k	
e	d	w	i	n	-	d	r	o	o	d	-	c	u	r	a	t	e	d	-	w	a	l	k	
e	d	w	i	n	-	d	r	o	o	d	-	c	u	r	a	t	e	d	-	w	a	l	k	
e	d	w	i	n	-	d	r	o	o	d	-	c	u	r	a	t	e	d	-	w	a	l	k	
e	d	w	i	n	-	d	r	o	o	d	-	c	u	r	a	t	e	d	-	w	a	l	k	
e	d	w	i	n	-	d	r	o	o	d	-	c	u	r	a	t	e	d	-	w	a	l	k	
e	d	w	i	n	-	d	r	o	o	d	-	c	u	r	a	t	e	d	-	w	a	l	k	
d	i	c	k	e	n	s	-	m	e	d	w	a	y	
d	i	c	k	e	n	s	-	m	e	d	w	a	y	
d	i	c	k	e	n	s	-	m	e	d	w	a	y	
d	i	c	k	e	n	s	-	m	e	d	w	a	y	
d	i	c	k	e	n	s	-	m	e	d	w	a	y	
d	i	c	k	e	n	s	-	m	e	d	w	a	y	
d	i	c	k	e	n	s	-	m	e	d	w	a	y	
d	i	c	k	e	n	s	-	m	e	d	w	a	y	
d	i	c	k	e	n	s	-	m	e	d	w	a	y	
d	i	c	k	e	n	s	-	m	e	d	w	a	y	
d	i	c	k	e	n	s	-	m	e	d	w	a	y	
d	i	c	k	e	n	s	-	m	e	d	w	a	y	
g	r	e	a	t	-	e	x	p	e	c	t	a	t	i	o	n	s	-	c	o	o	l	i	n	g	
g	r	e	a	t	-	e	x	p	e	c	t	a	t	i	o	n	s	-	c	o	o	l	i	n	g	
g	r	e	a	t	-	e	x	p	e	c	t	a	t	i	o	n	s	-	c	o	o	l	i	n	g	
g	r	e	a	t	-	e	x	p	e	c	t	a	t	i	o	n	s	-	c	o	o	l	i	n	g	
d	i	c	k	e	n	s	-	f	o	r	t	-	h	o	u	s	e	
d	i	c	k	e	n	s	-	f	o	r	t	-	h	o	u	s	e	
d	i	c	k	e	n	s	-	f	o	r	t	-	h	o	u	s	e	
d	i	c	k	e	n	s	-	f	o	r	t	-	h	o	u	s	e	
d	i	c	k	e	n	s	-	f	o	r	t	-	h	o	u	s	e	
d	i	c	k	e	n	s	-	d	o	v	e	r	
d	i	c	k	e	n	s	-	d	o	v	e	r	
d	i	c	k	e	n	s	-	d	o	v	e	r	
d	i	c	k	e	n	s	-	d	o	v	e	r	
d	i	c	k	e	n	s	-	d	o	v	e	r	
d	i	c	k	e	n	s	-	d	o	v	e	r	
d	i	c	k	e	n	s	-	d	o	v	e	r	
g	r	e	a	t	-	e	x	p	e	c	t	a	t	i	o	n	s	-	s	h	i	p	-	a	n	d	-	l	o	b	s	t	e	r	
g	r	e	a	t	-	e	x	p	e	c	t	a	t	i	o	n	s	-	s	h	i	p	-	a	n	d	-	l	o	b	s	t	e	r	
g	r	e	a	t	-	e	x	p	e	c	t	a	t	i	o	n	s	-	s	h	i	p	-	a	n	d	-	l	o	b	s	t	e	r	
g	r	e	a	t	-	e	x	p	e	c	t	a	t	i	o	n	s	-	s	h	i	p	-	a	n	d	-	l	o	b	s	t	e	r	
d	a	v	i	d	-	c	o	p	p	e	r	f	i	e	l	d	-	n	u	c	k	e	l	l	s	-	p	l	a	c	e	
d	a	v	i	d	-	c	o	p	p	e	r	f	i	e	l	d	-	n	u	c	k	e	l	l	s	-	p	l	a	c	e	
d	a	v	i	d	-	c	o	p	p	e	r	f	i	e	l	d	-	n	u	c	k	e	l	l	s	-	p	l	a	c	e	
b	r	o	a	d	s	t	a	i	r	s	-	1	9	t	h	-	c	e	n	t	u	r	y	
b	r	o	a	d	s	t	a	i	r	s	-	1	9	t	h	-	c	e	n	t	u	r	y	
b	r	o	a	d	s	t	a	i	r	s	-	1	9	t	h	-	c	e	n	t	u	r	y	
b	r	o	a	d	s	t	a	i	r	s	-	1	9	t	h	-	c	e	n	t	u	r	y	
b	r	o	a	d	s	t	a	i	r	s	-	1	9	t	h	-	c	e	n	t	u	r	y	
b	r	o	a	d	s	t	a	i	r	s	-	1	9	t	h	-	c	e	n	t	u	r	y	
b	r	o	a	d	s	t	a	i	r	s	-	1	9	t	h	-	c	e	n	t	u	r	y	
d	a	v	i	d	-	c	o	p	p	e	r	f	i	e	l	d	-	g	o	o	d	w	i	n	-	s	a	n	d	s	
d	a	v	i	d	-	c	o	p	p	e	r	f	i	e	l	d	-	g	o	o	d	w	i	n	-	s	a	n	d	s	
d	a	v	i	d	-	c	o	p	p	e	r	f	i	e	l	d	-	g	o	o	d	w	i	n	-	s	a	n	d	s	
d	a	v	i	d	-	c	o	p	p	e	r	f	i	e	l	d	-	g	o	o	d	w	i	n	-	s	a	n	d	s	
d	i	c	k	e	n	s	-	f	o	l	k	e	s	t	o	n	e	
d	i	c	k	e	n	s	-	f	o	l	k	e	s	t	o	n	e	
d	i	c	k	e	n	s	-	f	o	l	k	e	s	t	o	n	e	
d	i	c	k	e	n	s	-	f	o	l	k	e	s	t	o	n	e	
d	i	c	k	e	n	s	-	f	o	l	k	e	s	t	o	n	e	
d	i	c	k	e	n	s	-	f	o	l	k	e	s	t	o	n	e	
d	i	c	k	e	n	s	-	f	o	l	k	e	s	t	o	n	e	
d	i	c	k	e	n	s	-	f	o	l	k	e	s	t	o	n	e	
b	l	e	a	k	-	h	o	u	s	e	-	d	e	a	l	
b	l	e	a	k	-	h	o	u	s	e	-	d	e	a	l	
t	a	l	e	-	t	w	o	-	c	i	t	i	e	s	
t	a	l	e	-	t	w	o	-	c	i	t	i	e	s	
t	a	l	e	-	t	w	o	-	c	i	t	i	e	s	
t	a	l	e	-	t	w	o	-	c	i	t	i	e	s	
t	a	l	e	-	t	w	o	-	c	i	t	i	e	s	
m	o	b	i	l	e	-	l	a	n	d	s	c	a	p	e	s	
m	o	b	i	l	e	-	l	a	n	d	s	c	a	p	e	s	
m	o	b	i	l	e	-	l	a	n	d	s	c	a	p	e	s	
m	o	b	i	l	e	-	l	a	n	d	s	c	a	p	e	s	
m	o	b	i	l	e	-	l	a	n	d	s	c	a	p	e	s	
m	o	b	i	l	e	-	l	a	n	d	s	c	a	p	e	s	
m	o	b	i	l	e	-	l	a	n	d	s	c	a	p	e	s	
m	o	b	i	l	e	-	l	a	n	d	s	c	a	p	e	s	
m	o	b	i	l	e	-	l	a	n	d	s	c	a	p	e	s	
m	o	b	i	l	e	-	l	a	n	d	s	c	a	p	e	s	
m	o	b	i	l	e	-	l	a	n	d	s	c	a	p	e	s	
m	o	b	i	l	e	-	l	a	n	d	s	c	a	p	e	s	
m	o	b	i	l	e	-	l	a	n	d	s	c	a	p	e	s	
m	o	b	i	l	e	-	l	a	n	d	s	c	a	p	e	s	
m	o	b	i	l	e	-	l	a	n	d	s	c	a	p	e	s	
m	o	b	i	l	e	-	l	a	n	d	s	c	a	p	e	s	
m	o	b	i	l	e	-	l	a	n	d	s	c	a	p	e	s	
m	o	b	i	l	e	-	l	a	n	d	s	c	a	p	e	s	
m	o	b	i	l	e	-	l	a	n	d	s	c	a	p	e	s	
m	o	b	i	l	e	-	l	a	n	d	s	c	a	p	e	s	
m	o	b	i	l	e	-	l	a	n	d	s	c	a	p	e	s	
m	o	b	i	l	e	-	l	a	n	d	s	c	a	p	e	s	
m	o	b	i	l	e	-	l	a	n	d	s	c	a	p	e	s	
m	o	b	i	l	e	-	l	a	n	d	s	c	a	p	e	s	
m	o	b	i	l	e	-	l	a	n	d	s	c	a	p	e	s	
m	o	b	i	l	e	-	l	a	n	d	s	c	a	p	e	s	
m	o	b	i	l	e	-	l	a	n	d	s	c	a	p	e	s	
m	o	b	i	l	e	-	l	a	n	d	s	c	a	p	e	s	
m	o	b	i	l	e	-	l	a	n	d	s	c	a	p	e	s	
m	o	b	i	l	e	-	l	a	n	d	s	c	a	p	e	s	
m	o	b	i	l	e	-	l	a	n	d	s	c	a	p	e	s	
m	o	b	i	l	e	-	l	a	n	d	s	c	a	p	e	s	
m	o	b	i	l	e	-	l	a	n	d	s	c	a	p	e	s	
m	o	b	i	l	e	-	l	a	n	d	s	c	a	p	e	s	
m	o	b	i	l	e	-	l	a	n	d	s	c	a	p	e	s	
m	o	b	i	l	e	-	l	a	n	d	s	c	a	p	e	s	
m	o	b	i	l	e	-	l	a	n	d	s	c	a	p	e	s	
m	o	b	i	l	e	-	l	a	n	d	s	c	a	p	e	s	
g	r	e	a	t	-	e	x	p	e	c	t	a	t	i	o	n	s	-	r	e	s	t	o	r	a	t	i	o	n	-	h	o	u	s	e	
g	r	e	a	t	-	e	x	p	e	c	t	a	t	i	o	n	s	-	r	e	s	t	o	r	a	t	i	o	n	-	h	o	u	s	e	
g	r	e	a	t	-	e	x	p	e	c	t	a	t	i	o	n	s	-	r	e	s	t	o	r	a	t	i	o	n	-	h	o	u	s	e	
g	r	e	a	t	-	e	x	p	e	c	t	a	t	i	o	n	s	-	r	e	s	t	o	r	a	t	i	o	n	-	h	o	u	s	e	
g	r	e	a	t	-	e	x	p	e	c	t	a	t	i	o	n	s	-	g	u	i	l	d	h	a	l	l	
g	r	e	a	t	-	e	x	p	e	c	t	a	t	i	o	n	s	-	g	u	i	l	d	h	a	l	l	
p	i	c	k	w	i	c	k	-	p	a	p	e	r	s	-	l	e	a	t	h	e	r	-	b	o	t	t	l	e	
p	i	c	k	w	i	c	k	-	p	a	p	e	r	s	-	l	e	a	t	h	e	r	-	b	o	t	t	l	e	
p	i	c	k	w	i	c	k	-	p	a	p	e	r	s	-	l	e	a	t	h	e	r	-	b	o	t	t	l	e	
p	i	c	k	w	i	c	k	-	p	a	p	e	r	s	-	l	e	a	t	h	e	r	-	b	o	t	t	l	e	
d	a	v	i	d	-	c	o	p	p	e	r	f	i	e	l	d	-	c	u	r	a	t	e	d	-	w	a	l	k	
d	a	v	i	d	-	c	o	p	p	e	r	f	i	e	l	d	-	c	u	r	a	t	e	d	-	w	a	l	k	
d	a	v	i	d	-	c	o	p	p	e	r	f	i	e	l	d	-	c	u	r	a	t	e	d	-	w	a	l	k	
d	a	v	i	d	-	c	o	p	p	e	r	f	i	e	l	d	-	c	u	r	a	t	e	d	-	w	a	l	k	
d	a	v	i	d	-	c	o	p	p	e	r	f	i	e	l	d	-	c	u	r	a	t	e	d	-	w	a	l	k	
d	a	v	i	d	-	c	o	p	p	e	r	f	i	e	l	d	-	c	u	r	a	t	e	d	-	w	a	l	k	
d	i	c	k	e	n	s	-	b	r	o	a	d	s	t	a	i	r	s	
d	i	c	k	e	n	s	-	b	r	o	a	d	s	t	a	i	r	s	
d	i	c	k	e	n	s	-	b	r	o	a	d	s	t	a	i	r	s	
d	i	c	k	e	n	s	-	b	r	o	a	d	s	t	a	i	r	s	
d	i	c	k	e	n	s	-	b	r	o	a	d	s	t	a	i	r	s	
d	i	c	k	e	n	s	-	b	r	o	a	d	s	t	a	i	r	s	
d	i	c	k	e	n	s	-	b	r	o	a	d	s	t	a	i	r	s	
e	d	w	i	n	-	d	r	o	o	d	-	e	a	s	t	g	a	t	e	-	h	o	u	s	e	
e	d	w	i	n	-	d	r	o	o	d	-	e	a	s	t	g	a	t	e	-	h	o	u	s	e	
e	d	w	i	n	-	d	r	o	o	d	-	e	a	s	t	g	a	t	e	-	h	o	u	s	e	
e	d	w	i	n	-	d	r	o	o	d	-	e	a	s	t	g	a	t	e	-	h	o	u	s	e	
g	r	e	a	t	-	e	x	p	e	c	t	a	t	i	o	n	s	-	c	o	m	p	o	r	t	s	
g	r	e	a	t	-	e	x	p	e	c	t	a	t	i	o	n	s	-	c	o	m	p	o	r	t	s	
g	r	e	a	t	-	e	x	p	e	c	t	a	t	i	o	n	s	-	c	o	m	p	o	r	t	s	
g	r	e	a	t	-	e	x	p	e	c	t	a	t	i	o	n	s	-	c	o	m	p	o	r	t	s	
d	i	c	k	e	n	s	-	s	w	i	s	s	-	c	h	a	l	e	t	
d	i	c	k	e	n	s	-	s	w	i	s	s	-	c	h	a	l	e	t	
d	i	c	k	e	n	s	-	s	w	i	s	s	-	c	h	a	l	e	t	
d	i	c	k	e	n	s	-	s	w	i	s	s	-	c	h	a	l	e	t	
d	i	c	k	e	n	s	-	g	a	d	s	-	h	i	l	l	
d	i	c	k	e	n	s	-	g	a	d	s	-	h	i	l	l	
d	i	c	k	e	n	s	-	g	a	d	s	-	h	i	l	l	
d	i	c	k	e	n	s	-	g	a	d	s	-	h	i	l	l	
d	a	v	i	d	-	c	o	p	p	e	r	f	i	e	l	d	-	d	o	v	e	r	-	r	o	a	d	
d	a	v	i	d	-	c	o	p	p	e	r	f	i	e	l	d	-	d	o	v	e	r	-	r	o	a	d	
d	a	v	i	d	-	c	o	p	p	e	r	f	i	e	l	d	-	d	o	v	e	r	-	r	o	a	d	
d	a	v	i	d	-	c	o	p	p	e	r	f	i	e	l	d	-	d	o	v	e	r	-	r	o	a	d	
1	9	c	-	l	e	a	t	h	e	r	-	a	n	d	-	d	u	s	t	
1	9	c	-	l	e	a	t	h	e	r	-	a	n	d	-	d	u	s	t	
1	9	c	-	l	e	a	t	h	e	r	-	a	n	d	-	d	u	s	t	
1	9	c	-	l	e	a	t	h	e	r	-	a	n	d	-	d	u	s	t	
1	9	c	-	l	e	a	t	h	e	r	-	a	n	d	-	d	u	s	t	
1	9	c	-	l	e	a	t	h	e	r	-	a	n	d	-	d	u	s	t	
d	i	c	k	e	n	s	-	s	t	a	p	l	e	h	u	r	s	t	
d	i	c	k	e	n	s	-	s	t	a	p	l	e	h	u	r	s	t	
p	i	c	k	w	i	c	k	-	p	a	p	e	r	s	
p	i	c	k	w	i	c	k	-	p	a	p	e	r	s	
p	i	c	k	w	i	c	k	-	p	a	p	e	r	s	
p	i	c	k	w	i	c	k	-	p	a	p	e	r	s	
p	i	c	k	w	i	c	k	-	p	a	p	e	r	s	
p	i	c	k	w	i	c	k	-	p	a	p	e	r	s	
p	i	c	k	w	i	c	k	-	p	a	p	e	r	s	
p	i	c	k	w	i	c	k	-	p	a	p	e	r	s	
d	a	v	i	d	-	c	o	p	p	e	r	f	i	e	l	d	-	c	a	n	t	e	r	b	u	r	y	
d	a	v	i	d	-	c	o	p	p	e	r	f	i	e	l	d	-	c	a	n	t	e	r	b	u	r	y	
d	a	v	i	d	-	c	o	p	p	e	r	f	i	e	l	d	-	c	a	n	t	e	r	b	u	r	y	
d	a	v	i	d	-	c	o	p	p	e	r	f	i	e	l	d	-	c	a	n	t	e	r	b	u	r	y	
d	i	c	k	e	n	s	-	c	h	a	t	h	a	m	
d	i	c	k	e	n	s	-	c	h	a	t	h	a	m	
d	i	c	k	e	n	s	-	c	h	a	t	h	a	m	
d	i	c	k	e	n	s	-	c	h	a	t	h	a	m	
d	i	c	k	e	n	s	-	b	i	o	g	r	a	p	h	y	
d	i	c	k	e	n	s	-	b	i	o	g	r	a	p	h	y	
d	i	c	k	e	n	s	-	b	i	o	g	r	a	p	h	y	
d	i	c	k	e	n	s	-	b	i	o	g	r	a	p	h	y	
d	i	c	k	e	n	s	-	b	i	o	g	r	a	p	h	y	
d	i	c	k	e	n	s	-	b	i	o	g	r	a	p	h	y	
g	r	e	a	t	-	e	x	p	e	c	t	a	t	i	o	n	s	-	c	u	r	a	t	e	d	-	w	a	l	k	
g	r	e	a	t	-	e	x	p	e	c	t	a	t	i	o	n	s	-	c	u	r	a	t	e	d	-	w	a	l	k	
g	r	e	a	t	-	e	x	p	e	c	t	a	t	i	o	n	s	-	c	u	r	a	t	e	d	-	w	a	l	k	
g	r	e	a	t	-	e	x	p	e	c	t	a	t	i	o	n	s	-	c	u	r	a	t	e	d	-	w	a	l	k	
g	r	e	a	t	-	e	x	p	e	c	t	a	t	i	o	n	s	-	c	u	r	a	t	e	d	-	w	a	l	k	
1	7	c	-	s	h	e	p	p	e	y	-	a	t	-	w	a	r	
1	7	c	-	s	h	e	p	p	e	y	-	a	t	-	w	a	r	
1	7	c	-	w	i	l	l	i	a	m	-	h	a	r	v	e	y	
1	7	c	-	w	i	l	l	i	a	m	-	h	a	r	v	e	y	
1	7	c	-	w	i	l	l	i	a	m	-	h	a	r	v	e	y	
1	7	c	-	w	i	l	l	i	a	m	-	h	a	r	v	e	y	
1	7	c	-	w	i	l	l	i	a	m	-	h	a	r	v	e	y	
1	7	c	-	w	i	l	l	i	a	m	-	h	a	r	v	e	y	
1	7	c	-	w	i	l	l	i	a	m	-	h	a	r	v	e	y	
1	7	c	-	w	i	l	l	i	a	m	-	h	a	r	v	e	y	
1	7	c	-	w	i	l	l	i	a	m	-	h	a	r	v	e	y	
1	7	c	-	w	i	l	l	i	a	m	-	h	a	r	v	e	y	
1	7	c	-	b	e	h	n	-	b	i	o	g	r	a	p	h	y	
1	7	c	-	b	e	h	n	-	b	i	o	g	r	a	p	h	y	
1	7	c	-	j	o	h	n	-	t	r	a	d	e	s	c	a	n	t	-	y	o	u	n	g	e	r	
1	7	c	-	j	o	h	n	-	t	r	a	d	e	s	c	a	n	t	-	y	o	u	n	g	e	r	
1	7	c	-	j	o	h	n	-	t	r	a	d	e	s	c	a	n	t	-	y	o	u	n	g	e	r	
1	7	c	-	j	o	h	n	-	t	r	a	d	e	s	c	a	n	t	-	y	o	u	n	g	e	r	
1	7	c	-	j	o	h	n	-	t	r	a	d	e	s	c	a	n	t	-	y	o	u	n	g	e	r	
1	7	c	-	j	o	h	n	-	t	r	a	d	e	s	c	a	n	t	-	y	o	u	n	g	e	r	
1	7	c	-	j	o	h	n	-	t	r	a	d	e	s	c	a	n	t	-	y	o	u	n	g	e	r	
1	7	c	-	j	o	h	n	-	t	r	a	d	e	s	c	a	n	t	-	y	o	u	n	g	e	r	
1	7	c	-	j	o	h	n	-	t	r	a	d	e	s	c	a	n	t	-	y	o	u	n	g	e	r	
1	7	c	-	j	o	h	n	-	t	r	a	d	e	s	c	a	n	t	-	y	o	u	n	g	e	r	
1	7	c	-	j	o	h	n	-	t	r	a	d	e	s	c	a	n	t	-	y	o	u	n	g	e	r	
1	7	c	-	r	o	b	e	r	t	-	p	l	o	t	
1	7	c	-	r	o	b	e	r	t	-	p	l	o	t	
1	7	c	-	r	o	b	e	r	t	-	p	l	o	t	
1	7	c	-	r	o	b	e	r	t	-	p	l	o	t	
1	7	c	-	r	o	b	e	r	t	-	p	l	o	t	
1	7	c	-	r	o	b	e	r	t	-	p	l	o	t	
1	7	c	-	w	a	l	l	i	s	-	b	i	o	g	r	a	p	h	y	
1	7	c	-	w	a	l	l	i	s	-	b	i	o	g	r	a	p	h	y	
1	7	c	-	w	a	l	l	i	s	-	b	i	o	g	r	a	p	h	y	
1	7	c	-	w	a	l	l	i	s	-	b	i	o	g	r	a	p	h	y	
1	7	c	-	w	a	l	l	i	s	-	b	i	o	g	r	a	p	h	y	
1	7	c	-	w	a	l	l	i	s	-	b	i	o	g	r	a	p	h	y	
1	7	c	-	w	a	l	l	i	s	-	b	i	o	g	r	a	p	h	y	
1	7	c	-	w	a	l	l	i	s	-	b	i	o	g	r	a	p	h	y	
1	7	c	-	w	a	l	l	i	s	-	b	i	o	g	r	a	p	h	y	
1	7	c	-	w	a	l	l	i	s	-	b	i	o	g	r	a	p	h	y	
1	7	c	-	w	a	l	l	i	s	-	b	i	o	g	r	a	p	h	y	
2	0	c	-	c	a	n	t	e	r	b	u	r	y	-	t	r	a	d	i	n	g	-	e	s	t	a	t	e	s	
2	0	c	-	c	a	n	t	e	r	b	u	r	y	-	t	r	a	d	i	n	g	-	e	s	t	a	t	e	s	
2	0	c	-	c	a	n	t	e	r	b	u	r	y	-	t	r	a	d	i	n	g	-	e	s	t	a	t	e	s	
2	0	c	-	c	a	n	t	e	r	b	u	r	y	-	t	r	a	d	i	n	g	-	e	s	t	a	t	e	s	
2	0	c	-	c	a	n	t	e	r	b	u	r	y	-	t	r	a	d	i	n	g	-	e	s	t	a	t	e	s	
2	0	c	-	c	a	n	t	e	r	b	u	r	y	-	t	r	a	d	i	n	g	-	e	s	t	a	t	e	s	
2	0	c	-	c	a	n	t	e	r	b	u	r	y	-	t	r	a	d	i	n	g	-	e	s	t	a	t	e	s	
2	0	c	-	c	a	n	t	e	r	b	u	r	y	-	t	r	a	d	i	n	g	-	e	s	t	a	t	e	s	
2	0	c	-	c	a	n	t	e	r	b	u	r	y	-	t	a	l	e	s	-	f	i	l	m	
2	0	c	-	c	a	n	t	e	r	b	u	r	y	-	t	a	l	e	s	-	f	i	l	m	
2	0	c	-	c	a	n	t	e	r	b	u	r	y	-	t	r	a	n	s	p	o	r	t	
2	0	c	-	c	a	n	t	e	r	b	u	r	y	-	t	r	a	n	s	p	o	r	t	
2	0	c	-	c	a	n	t	e	r	b	u	r	y	-	t	r	a	n	s	p	o	r	t	
2	0	c	-	c	a	n	t	e	r	b	u	r	y	-	t	r	a	n	s	p	o	r	t	
2	0	c	-	c	a	n	t	e	r	b	u	r	y	-	t	r	a	n	s	p	o	r	t	
2	0	c	-	c	a	n	t	e	r	b	u	r	y	-	t	r	a	n	s	p	o	r	t	
2	0	c	-	c	a	n	t	e	r	b	u	r	y	-	t	r	a	n	s	p	o	r	t	
2	0	c	-	c	a	n	t	e	r	b	u	r	y	-	t	r	a	n	s	p	o	r	t	
2	0	c	-	c	a	n	t	e	r	b	u	r	y	-	f	l	o	o	d	s	
2	0	c	-	c	a	n	t	e	r	b	u	r	y	-	f	l	o	o	d	s	
2	0	c	-	c	a	n	t	e	r	b	u	r	y	-	f	l	o	o	d	s	
2	0	c	-	c	a	n	t	e	r	b	u	r	y	-	f	l	o	o	d	s	
2	0	c	-	c	a	n	t	e	r	b	u	r	y	-	f	l	o	o	d	s	
2	0	c	-	c	a	n	t	e	r	b	u	r	y	-	f	l	o	o	d	s	
2	0	c	-	c	a	n	t	e	r	b	u	r	y	-	i	n	d	u	s	t	r	i	a	l	
2	0	c	-	c	a	n	t	e	r	b	u	r	y	-	i	n	d	u	s	t	r	i	a	l	
2	0	c	-	c	a	n	t	e	r	b	u	r	y	-	i	n	d	u	s	t	r	i	a	l	
2	0	c	-	c	a	n	t	e	r	b	u	r	y	-	i	n	d	u	s	t	r	i	a	l	
2	0	c	-	c	a	n	t	e	r	b	u	r	y	-	i	n	d	u	s	t	r	i	a	l	
2	0	c	-	c	a	n	t	e	r	b	u	r	y	-	r	a	i	l	w	a	y	
2	0	c	-	c	a	n	t	e	r	b	u	r	y	-	r	a	i	l	w	a	y	
2	0	c	-	c	a	n	t	e	r	b	u	r	y	-	r	a	i	l	w	a	y	
2	0	c	-	c	a	n	t	e	r	b	u	r	y	-	u	n	i	v	e	r	s	i	t	i	e	s	
2	0	c	-	c	a	n	t	e	r	b	u	r	y	-	u	n	i	v	e	r	s	i	t	i	e	s	
2	0	c	-	c	a	n	t	e	r	b	u	r	y	-	u	n	i	v	e	r	s	i	t	i	e	s	
2	0	c	-	c	a	n	t	e	r	b	u	r	y	-	u	n	i	v	e	r	s	i	t	i	e	s	
2	0	c	-	c	a	n	t	e	r	b	u	r	y	-	u	n	i	v	e	r	s	i	t	i	e	s	
2	0	c	-	c	a	n	t	e	r	b	u	r	y	-	u	n	i	v	e	r	s	i	t	i	e	s	
2	0	c	-	c	a	n	t	e	r	b	u	r	y	-	u	n	i	v	e	r	s	i	t	i	e	s	
2	0	c	-	c	a	n	t	e	r	b	u	r	y	-	u	n	i	v	e	r	s	i	t	i	e	s	
2	0	c	-	c	a	n	t	e	r	b	u	r	y	-	u	n	i	v	e	r	s	i	t	i	e	s	
2	0	c	-	c	a	n	t	e	r	b	u	r	y	-	u	n	i	v	e	r	s	i	t	i	e	s	
2	0	c	-	c	a	n	t	e	r	b	u	r	y	-	u	n	i	v	e	r	s	i	t	i	e	s	
2	0	c	-	c	a	n	t	e	r	b	u	r	y	-	u	n	i	v	e	r	s	i	t	i	e	s	
2	0	c	-	c	a	n	t	e	r	b	u	r	y	-	u	n	i	v	e	r	s	i	t	i	e	s	
2	0	c	-	c	a	n	t	e	r	b	u	r	y	-	u	n	i	v	e	r	s	i	t	i	e	s	
2	0	c	-	c	a	n	t	e	r	b	u	r	y	-	u	n	i	v	e	r	s	i	t	i	e	s	
2	0	c	-	c	a	n	t	e	r	b	u	r	y	-	u	n	i	v	e	r	s	i	t	i	e	s	
2	0	c	-	c	a	n	t	e	r	b	u	r	y	-	w	w	2	
2	0	c	-	c	a	n	t	e	r	b	u	r	y	-	w	w	2	
2	0	c	-	c	a	n	t	e	r	b	u	r	y	-	w	w	2	
2	0	c	-	c	a	n	t	e	r	b	u	r	y	-	w	w	2	
2	0	c	-	c	a	n	t	e	r	b	u	r	y	-	w	w	2	
2	0	c	-	c	a	n	t	e	r	b	u	r	y	-	w	w	2	
2	0	c	-	c	a	n	t	e	r	b	u	r	y	-	w	w	2	
2	0	c	-	c	a	n	t	e	r	b	u	r	y	-	w	w	2	
2	0	c	-	c	a	n	t	e	r	b	u	r	y	-	w	w	2	
2	0	c	-	c	a	n	t	e	r	b	u	r	y	-	w	w	2	
2	0	c	-	c	a	n	t	e	r	b	u	r	y	-	b	o	o	m	-	c	i	t	y	
2	0	c	-	c	a	n	t	e	r	b	u	r	y	-	b	o	o	m	-	c	i	t	y	
2	0	c	-	c	a	n	t	e	r	b	u	r	y	-	b	o	o	m	-	c	i	t	y	
2	0	c	-	c	a	n	t	e	r	b	u	r	y	-	c	o	m	m	e	r	c	e	
2	0	c	-	c	a	n	t	e	r	b	u	r	y	-	c	o	m	m	e	r	c	e	
2	0	c	-	c	a	n	t	e	r	b	u	r	y	-	c	o	m	m	e	r	c	e	
2	0	c	-	c	a	n	t	e	r	b	u	r	y	-	c	o	m	m	e	r	c	e	
2	0	c	-	c	a	n	t	e	r	b	u	r	y	-	c	o	m	m	e	r	c	e	
2	0	c	-	c	a	n	t	e	r	b	u	r	y	-	c	o	m	m	e	r	c	e	
2	0	c	-	c	a	n	t	e	r	b	u	r	y	-	c	o	m	m	e	r	c	e	
2	0	c	-	c	a	n	t	e	r	b	u	r	y	-	c	o	m	m	e	r	c	e	
2	0	c	-	c	a	n	t	e	r	b	u	r	y	-	c	o	m	m	e	r	c	e	
2	0	c	-	c	a	n	t	e	r	b	u	r	y	-	c	o	m	m	e	r	c	e	
2	0	c	-	c	a	n	t	e	r	b	u	r	y	-	e	d	u	c	a	t	i	o	n	
2	0	c	-	c	a	n	t	e	r	b	u	r	y	-	e	d	u	c	a	t	i	o	n	
2	0	c	-	c	a	n	t	e	r	b	u	r	y	-	e	d	u	c	a	t	i	o	n	
2	0	c	-	c	a	n	t	e	r	b	u	r	y	-	e	d	u	c	a	t	i	o	n	
2	0	c	-	c	a	n	t	e	r	b	u	r	y	-	e	d	u	c	a	t	i	o	n	
2	0	c	-	c	a	n	t	e	r	b	u	r	y	-	e	d	u	c	a	t	i	o	n	
2	0	c	-	c	a	n	t	e	r	b	u	r	y	-	e	d	u	c	a	t	i	o	n	
2	0	c	-	c	a	n	t	e	r	b	u	r	y	-	e	d	u	c	a	t	i	o	n	
2	0	c	-	c	a	n	t	e	r	b	u	r	y	-	e	d	u	c	a	t	i	o	n	
2	0	c	-	c	a	n	t	e	r	b	u	r	y	-	e	d	u	c	a	t	i	o	n	
2	0	c	-	c	a	n	t	e	r	b	u	r	y	-	e	d	u	c	a	t	i	o	n	
2	0	c	-	c	a	n	t	e	r	b	u	r	y	-	e	d	u	c	a	t	i	o	n	
2	0	c	-	c	a	n	t	e	r	b	u	r	y	-	e	d	u	c	a	t	i	o	n	
2	0	c	-	c	a	n	t	e	r	b	u	r	y	-	e	d	u	c	a	t	i	o	n	
2	0	c	-	c	a	n	t	e	r	b	u	r	y	-	e	d	u	c	a	t	i	o	n	
2	0	c	-	c	a	n	t	e	r	b	u	r	y	-	e	d	u	c	a	t	i	o	n	
2	0	c	-	c	a	n	t	e	r	b	u	r	y	-	h	o	m	e	
2	0	c	-	c	a	n	t	e	r	b	u	r	y	-	h	o	m	e	
2	0	c	-	c	a	n	t	e	r	b	u	r	y	-	h	o	m	e	
2	0	c	-	c	a	n	t	e	r	b	u	r	y	-	r	e	t	a	i	l	-	s	t	o	r	e	
2	0	c	-	c	a	n	t	e	r	b	u	r	y	-	r	e	t	a	i	l	-	s	t	o	r	e	
2	0	c	-	c	a	n	t	e	r	b	u	r	y	-	r	e	t	a	i	l	-	s	t	o	r	e	
2	0	c	-	c	a	n	t	e	r	b	u	r	y	-	r	e	t	a	i	l	-	s	t	o	r	e	
2	0	c	-	c	a	n	t	e	r	b	u	r	y	-	r	e	t	a	i	l	-	s	t	o	r	e	
2	0	c	-	c	a	n	t	e	r	b	u	r	y	-	r	e	t	a	i	l	-	s	t	o	r	e	
2	0	c	-	c	a	n	t	e	r	b	u	r	y	-	r	e	t	a	i	l	-	s	t	o	r	e	
2	0	c	-	c	a	n	t	e	r	b	u	r	y	-	r	e	t	a	i	l	-	s	t	o	r	e	
2	0	c	-	c	a	n	t	e	r	b	u	r	y	-	r	e	t	a	i	l	-	s	t	o	r	e	
2	0	c	-	c	a	n	t	e	r	b	u	r	y	-	r	e	t	a	i	l	-	s	t	o	r	e	
2	0	c	-	c	a	n	t	e	r	b	u	r	y	-	r	e	t	a	i	l	-	s	t	o	r	e	
2	0	c	-	c	a	n	t	e	r	b	u	r	y	-	r	e	t	a	i	l	-	s	t	o	r	e	
2	0	c	-	c	a	n	t	e	r	b	u	r	y	-	o	v	e	r	v	i	e	w	
2	0	c	-	c	a	n	t	e	r	b	u	r	y	-	o	v	e	r	v	i	e	w	
2	0	c	-	c	a	n	t	e	r	b	u	r	y	-	o	v	e	r	v	i	e	w	
2	0	c	-	c	a	n	t	e	r	b	u	r	y	-	o	v	e	r	v	i	e	w	
2	0	c	-	c	a	n	t	e	r	b	u	r	y	-	o	v	e	r	v	i	e	w	
2	0	c	-	c	a	n	t	e	r	b	u	r	y	-	o	v	e	r	v	i	e	w	
2	0	c	-	c	a	n	t	e	r	b	u	r	y	-	o	v	e	r	v	i	e	w	
2	0	c	-	c	a	n	t	e	r	b	u	r	y	-	p	l	a	n	n	i	n	g	
2	0	c	-	c	a	n	t	e	r	b	u	r	y	-	p	l	a	n	n	i	n	g	
2	0	c	-	c	a	n	t	e	r	b	u	r	y	-	p	l	a	n	n	i	n	g	
2	0	c	-	c	a	n	t	e	r	b	u	r	y	-	p	l	a	n	n	i	n	g	
2	0	c	-	c	a	n	t	e	r	b	u	r	y	-	p	l	a	n	n	i	n	g	
2	0	c	-	c	a	n	t	e	r	b	u	r	y	-	p	l	a	n	n	i	n	g	
2	0	c	-	c	a	n	t	e	r	b	u	r	y	-	p	l	a	n	n	i	n	g	
2	0	c	-	c	a	n	t	e	r	b	u	r	y	-	p	l	a	n	n	i	n	g	
2	0	c	-	c	a	n	t	e	r	b	u	r	y	-	p	l	a	n	n	i	n	g	
2	0	c	-	c	a	n	t	e	r	b	u	r	y	-	p	l	a	n	n	i	n	g	
2	0	c	-	c	a	n	t	e	r	b	u	r	y	-	p	l	a	n	n	i	n	g	
d	e	a	l	
d	e	a	l	
d	e	a	l	
d	e	a	l	
d	e	a	l	
d	e	a	l	
a	u	s	t	e	n	-	r	a	m	s	g	a	t	e	
a	u	s	t	e	n	-	r	a	m	s	g	a	t	e	
a	u	s	t	e	n	-	r	a	m	s	g	a	t	e	
a	u	s	t	e	n	-	r	a	m	s	g	a	t	e	
a	u	s	t	e	n	-	r	a	m	s	g	a	t	e	
a	u	s	t	e	n	-	r	a	m	s	g	a	t	e	
a	u	s	t	e	n	-	c	h	i	l	h	a	m	-	c	a	s	t	l	e	
a	u	s	t	e	n	-	c	h	i	l	h	a	m	-	c	a	s	t	l	e	
a	u	s	t	e	n	-	g	o	d	m	e	r	s	h	a	m	
a	u	s	t	e	n	-	g	o	d	m	e	r	s	h	a	m	
a	u	s	t	e	n	-	g	o	d	m	e	r	s	h	a	m	
a	u	s	t	e	n	-	g	o	d	m	e	r	s	h	a	m	
a	u	s	t	e	n	-	s	e	v	e	n	o	a	k	s	
a	u	s	t	e	n	-	s	e	v	e	n	o	a	k	s	
a	u	s	t	e	n	-	c	a	n	t	e	r	b	u	r	y	
a	u	s	t	e	n	-	c	a	n	t	e	r	b	u	r	y	
a	u	s	t	e	n	-	c	a	n	t	e	r	b	u	r	y	
a	u	s	t	e	n	-	c	a	n	t	e	r	b	u	r	y	
h	e	n	g	e	s	t	a	n	d	h	o	r	s	a	
h	e	n	g	e	s	t	a	n	d	h	o	r	s	a	
h	e	n	g	e	s	t	a	n	d	h	o	r	s	a	
h	e	n	g	e	s	t	a	n	d	h	o	r	s	a	
h	e	n	g	e	s	t	a	n	d	h	o	r	s	a	
h	e	n	g	e	s	t	a	n	d	h	o	r	s	a	
h	e	n	g	e	s	t	a	n	d	h	o	r	s	a	
h	e	n	g	e	s	t	a	n	d	h	o	r	s	a	
h	e	n	g	e	s	t	a	n	d	h	o	r	s	a	
b	a	t	t	l	e	o	f	c	r	a	y	f	o	r	d	
b	a	t	t	l	e	o	f	c	r	a	y	f	o	r	d	
b	a	t	t	l	e	o	f	c	r	a	y	f	o	r	d	
b	a	t	t	l	e	o	f	c	r	a	y	f	o	r	d	
b	a	t	t	l	e	o	f	c	r	a	y	f	o	r	d	
1	4	c	-	c	h	a	u	c	e	r	
1	4	c	-	c	h	a	u	c	e	r	
1	4	c	-	c	h	a	u	c	e	r	
1	4	c	-	c	h	a	u	c	e	r	
1	4	c	-	c	h	a	u	c	e	r	
c	i	n	q	u	e	-	p	o	r	t	s	
c	i	n	q	u	e	-	p	o	r	t	s	
1	6	c	-	b	a	r	t	o	n	-	b	i	o	g	r	a	p	h	y	
1	6	c	-	b	a	r	t	o	n	-	b	i	o	g	r	a	p	h	y	
1	6	c	-	b	a	r	t	o	n	-	b	i	o	g	r	a	p	h	y	
1	6	c	-	b	a	r	t	o	n	-	b	i	o	g	r	a	p	h	y	
1	6	c	-	b	a	r	t	o	n	-	b	i	o	g	r	a	p	h	y	
1	6	c	-	b	a	r	t	o	n	-	b	i	o	g	r	a	p	h	y	
1	6	c	-	b	a	r	t	o	n	-	b	i	o	g	r	a	p	h	y	
1	6	c	-	b	a	r	t	o	n	-	b	i	o	g	r	a	p	h	y	
1	6	c	-	b	a	r	t	o	n	-	b	i	o	g	r	a	p	h	y	
1	6	c	-	b	a	r	t	o	n	-	b	i	o	g	r	a	p	h	y	
1	6	c	-	b	a	r	t	o	n	-	b	i	o	g	r	a	p	h	y	
1	6	c	-	b	a	r	t	o	n	-	b	i	o	g	r	a	p	h	y	
1	6	c	-	b	a	r	t	o	n	-	b	i	o	g	r	a	p	h	y	
1	6	c	-	s	p	a	n	i	s	h	-	a	r	m	a	d	a	
1	6	c	-	s	p	a	n	i	s	h	-	a	r	m	a	d	a	
1	6	c	-	s	p	a	n	i	s	h	-	a	r	m	a	d	a	
1	6	c	-	s	p	a	n	i	s	h	-	a	r	m	a	d	a	
1	6	c	-	s	p	a	n	i	s	h	-	a	r	m	a	d	a	
1	6	c	-	s	p	a	n	i	s	h	-	a	r	m	a	d	a	
1	6	c	-	s	p	a	n	i	s	h	-	a	r	m	a	d	a	
1	6	c	-	s	p	a	n	i	s	h	-	a	r	m	a	d	a	
1	6	c	-	a	r	d	e	n	-	f	a	v	e	r	s	h	a	m	
1	6	c	-	a	r	d	e	n	-	f	a	v	e	r	s	h	a	m	
1	6	c	-	a	r	d	e	n	-	f	a	v	e	r	s	h	a	m	
1	6	c	-	a	r	d	e	n	-	f	a	v	e	r	s	h	a	m	
1	6	c	-	a	r	d	e	n	-	f	a	v	e	r	s	h	a	m	
1	6	c	-	a	r	d	e	n	-	f	a	v	e	r	s	h	a	m	
1	6	c	-	a	r	d	e	n	-	f	a	v	e	r	s	h	a	m	
1	6	c	-	a	r	d	e	n	-	f	a	v	e	r	s	h	a	m	
1	6	c	-	s	h	e	p	p	e	y	-	a	t	-	w	a	r	
1	6	c	-	s	h	e	p	p	e	y	-	a	t	-	w	a	r	
1	6	c	-	s	h	e	p	p	e	y	-	a	t	-	w	a	r	
2	1	c	-	i	m	p	r	e	s	s	i	o	n	s	-	h	i	r	s	t	
2	1	c	-	i	m	p	r	e	s	s	i	o	n	s	-	h	i	r	s	t	
2	1	c	-	i	m	p	r	e	s	s	i	o	n	s	-	h	i	r	s	t	
2	1	c	-	i	m	p	r	e	s	s	i	o	n	s	-	h	i	r	s	t	
2	1	c	-	i	m	p	r	e	s	s	i	o	n	s	-	h	i	r	s	t	
2	1	c	-	i	m	p	r	e	s	s	i	o	n	s	-	h	i	r	s	t	
2	1	c	-	i	m	p	r	e	s	s	i	o	n	s	-	h	i	r	s	t	
2	1	c	-	i	m	p	r	e	s	s	i	o	n	s	-	h	i	r	s	t	
2	1	c	-	i	m	p	r	e	s	s	i	o	n	s	-	h	i	r	s	t	
2	1	c	-	i	m	p	r	e	s	s	i	o	n	s	-	h	i	r	s	t	
2	1	c	-	w	a	t	e	r	s	t	o	n	e	s	-	c	a	n	t	e	r	b	u	r	y	
2	1	c	-	w	a	t	e	r	s	t	o	n	e	s	-	c	a	n	t	e	r	b	u	r	y	
2	1	c	-	w	a	t	e	r	s	t	o	n	e	s	-	c	a	n	t	e	r	b	u	r	y	
2	1	c	-	w	a	t	e	r	s	t	o	n	e	s	-	c	a	n	t	e	r	b	u	r	y	
2	1	c	-	w	a	t	e	r	s	t	o	n	e	s	-	c	a	n	t	e	r	b	u	r	y	
2	1	c	-	w	a	t	e	r	s	t	o	n	e	s	-	c	a	n	t	e	r	b	u	r	y	
2	1	c	-	w	a	t	e	r	s	t	o	n	e	s	-	c	a	n	t	e	r	b	u	r	y	
2	1	c	-	w	a	t	e	r	s	t	o	n	e	s	-	c	a	n	t	e	r	b	u	r	y	
2	1	c	-	w	a	t	e	r	s	t	o	n	e	s	-	c	a	n	t	e	r	b	u	r	y	
2	1	c	-	w	a	t	e	r	s	t	o	n	e	s	-	c	a	n	t	e	r	b	u	r	y	
2	1	c	-	w	a	t	e	r	s	t	o	n	e	s	-	c	a	n	t	e	r	b	u	r	y	
2	1	c	-	w	a	t	e	r	s	t	o	n	e	s	-	c	a	n	t	e	r	b	u	r	y	
2	1	c	-	m	a	r	g	a	t	e	-	l	u	n	c	h	t	i	m	e	
2	1	c	-	m	a	r	g	a	t	e	-	l	u	n	c	h	t	i	m	e	
2	1	c	-	m	a	r	g	a	t	e	-	l	u	n	c	h	t	i	m	e	
2	1	c	-	m	a	r	g	a	t	e	-	l	u	n	c	h	t	i	m	e	
2	1	c	-	m	a	r	g	a	t	e	-	l	u	n	c	h	t	i	m	e	
2	1	c	-	m	a	r	g	a	t	e	-	l	u	n	c	h	t	i	m	e	
2	1	c	-	c	a	n	t	e	r	b	u	r	y	-	c	o	v	i	d	
2	1	c	-	c	a	n	t	e	r	b	u	r	y	-	c	o	v	i	d	
2	1	c	-	c	a	n	t	e	r	b	u	r	y	-	c	o	v	i	d	
2	1	c	-	c	a	n	t	e	r	b	u	r	y	-	c	o	v	i	d	
2	1	c	-	c	a	n	t	e	r	b	u	r	y	-	c	o	v	i	d	
2	1	c	-	c	a	n	t	e	r	b	u	r	y	-	c	o	v	i	d	
2	1	c	-	k	e	n	t	-	j	o	u	r	n	a	l	-	e	x	t	r	a	c	t	s	
2	1	c	-	k	e	n	t	-	j	o	u	r	n	a	l	-	e	x	t	r	a	c	t	s	
2	1	c	-	k	e	n	t	-	j	o	u	r	n	a	l	-	e	x	t	r	a	c	t	s	
2	1	c	-	k	e	n	t	-	j	o	u	r	n	a	l	-	e	x	t	r	a	c	t	s	
2	1	c	-	k	e	n	t	-	j	o	u	r	n	a	l	-	e	x	t	r	a	c	t	s	
2	1	c	-	k	e	n	t	-	j	o	u	r	n	a	l	-	e	x	t	r	a	c	t	s	
2	1	c	-	k	e	n	t	-	j	o	u	r	n	a	l	-	e	x	t	r	a	c	t	s	
2	1	c	-	k	e	n	t	-	j	o	u	r	n	a	l	-	e	x	t	r	a	c	t	s	
2	1	c	-	k	e	n	t	-	j	o	u	r	n	a	l	-	e	x	t	r	a	c	t	s	
2	1	c	-	m	a	r	g	a	t	e	
2	1	c	-	m	a	r	g	a	t	e	
2	1	c	-	m	a	r	g	a	t	e	
2	1	c	-	m	a	r	g	a	t	e	
2	1	c	-	m	a	r	g	a	t	e	
2	1	c	-	t	r	a	v	e	l	l	e	r	s	-	j	o	y	
2	1	c	-	t	r	a	v	e	l	l	e	r	s	-	j	o	y	
2	1	c	-	t	r	a	v	e	l	l	e	r	s	-	j	o	y	
2	1	c	-	t	r	a	v	e	l	l	e	r	s	-	j	o	y	
2	1	c	-	t	r	a	v	e	l	l	e	r	s	-	j	o	y	
2	1	c	-	b	r	o	g	d	a	l	e	
2	1	c	-	b	r	o	g	d	a	l	e	
2	1	c	-	b	r	o	g	d	a	l	e	
2	1	c	-	b	r	o	g	d	a	l	e	
2	1	c	-	b	r	o	g	d	a	l	e	
2	1	c	-	b	r	o	g	d	a	l	e	
2	1	c	-	b	r	o	g	d	a	l	e	
2	1	c	-	b	r	o	g	d	a	l	e	
2	1	c	-	b	r	o	g	d	a	l	e	
2	1	c	-	b	r	o	g	d	a	l	e	
2	1	c	-	s	e	a	b	r	o	o	k	-	b	i	o	g	r	a	p	h	y	
2	1	c	-	s	e	a	b	r	o	o	k	-	b	i	o	g	r	a	p	h	y	
2	1	c	-	s	e	a	b	r	o	o	k	-	b	i	o	g	r	a	p	h	y	
2	1	c	-	s	e	a	b	r	o	o	k	-	b	i	o	g	r	a	p	h	y	
2	1	c	-	s	e	a	b	r	o	o	k	-	b	i	o	g	r	a	p	h	y	
2	1	c	-	s	e	a	b	r	o	o	k	-	b	i	o	g	r	a	p	h	y	
2	0	c	-	e	n	c	o	u	n	t	e	r	s	-	w	i	t	h	-	o	t	h	e	r	s	
2	0	c	-	e	n	c	o	u	n	t	e	r	s	-	w	i	t	h	-	o	t	h	e	r	s	
2	0	c	-	e	n	c	o	u	n	t	e	r	s	-	w	i	t	h	-	o	t	h	e	r	s	
2	0	c	-	e	n	c	o	u	n	t	e	r	s	-	w	i	t	h	-	o	t	h	e	r	s	
2	0	c	-	e	n	c	o	u	n	t	e	r	s	-	w	i	t	h	-	o	t	h	e	r	s	
2	0	c	-	e	n	c	o	u	n	t	e	r	s	-	w	i	t	h	-	o	t	h	e	r	s	
2	0	c	-	e	n	c	o	u	n	t	e	r	s	-	w	i	t	h	-	o	t	h	e	r	s	
2	0	c	-	e	n	c	o	u	n	t	e	r	s	-	w	i	t	h	-	o	t	h	e	r	s	
k	e	n	t	i	s	h	-	c	h	a	l	k	
k	e	n	t	i	s	h	-	c	h	a	l	k	
k	e	n	t	i	s	h	-	c	h	a	l	k	
k	e	n	t	i	s	h	-	c	h	a	l	k	
k	e	n	t	i	s	h	-	c	h	a	l	k	
k	e	n	t	i	s	h	-	c	h	a	l	k	
s	c	a	p	e	s	-	a	n	d	-	f	r	i	n	g	e	s	
s	c	a	p	e	s	-	a	n	d	-	f	r	i	n	g	e	s	
s	c	a	p	e	s	-	a	n	d	-	f	r	i	n	g	e	s	
s	c	a	p	e	s	-	a	n	d	-	f	r	i	n	g	e	s	
s	c	a	p	e	s	-	a	n	d	-	f	r	i	n	g	e	s	
s	c	a	p	e	s	-	a	n	d	-	f	r	i	n	g	e	s	
s	c	a	p	e	s	-	a	n	d	-	f	r	i	n	g	e	s	
s	c	a	p	e	s	-	a	n	d	-	f	r	i	n	g	e	s	
k	e	n	t	i	s	h	-	l	a	n	d	s	c	a	p	e	s	
k	e	n	t	i	s	h	-	l	a	n	d	s	c	a	p	e	s	
k	e	n	t	i	s	h	-	l	a	n	d	s	c	a	p	e	s	
k	e	n	t	i	s	h	-	l	a	n	d	s	c	a	p	e	s	
k	e	n	t	i	s	h	-	l	a	n	d	s	c	a	p	e	s	
k	e	n	t	i	s	h	-	l	a	n	d	s	c	a	p	e	s	
1	8	c	-	b	o	y	s	-	b	i	o	g	r	a	p	h	y	
1	8	c	-	b	o	y	s	-	b	i	o	g	r	a	p	h	y	
1	8	c	-	b	o	y	s	-	b	i	o	g	r	a	p	h	y	
1	8	c	-	b	o	y	s	-	b	i	o	g	r	a	p	h	y	
1	8	c	-	b	o	y	s	-	b	i	o	g	r	a	p	h	y	
1	8	c	-	b	o	y	s	-	b	i	o	g	r	a	p	h	y	
1	8	c	-	b	o	y	s	-	b	i	o	g	r	a	p	h	y	
1	8	c	-	b	o	y	s	-	b	i	o	g	r	a	p	h	y	
1	8	c	-	b	o	y	s	-	b	i	o	g	r	a	p	h	y	
1	8	c	-	b	o	y	s	-	b	i	o	g	r	a	p	h	y	
1	8	c	-	b	o	y	s	-	b	i	o	g	r	a	p	h	y	
1	8	c	-	b	o	y	s	-	b	i	o	g	r	a	p	h	y	
1	8	c	-	b	o	y	s	-	b	i	o	g	r	a	p	h	y	
1	8	c	-	b	o	y	s	-	b	i	o	g	r	a	p	h	y	
1	8	c	-	b	o	y	s	-	b	i	o	g	r	a	p	h	y	
1	8	c	-	b	o	y	s	-	b	i	o	g	r	a	p	h	y	
1	8	c	-	b	o	y	s	-	b	i	o	g	r	a	p	h	y	
1	8	c	-	b	l	o	o	d	y	-	c	o	d	e	
1	8	c	-	b	l	o	o	d	y	-	c	o	d	e	
1	8	c	-	b	l	o	o	d	y	-	c	o	d	e	
1	8	c	-	b	l	o	o	d	y	-	c	o	d	e	
1	8	c	-	b	l	o	o	d	y	-	c	o	d	e	
1	8	c	-	b	u	r	g	e	s	s	-	b	i	o	g	r	a	p	h	y	
1	8	c	-	b	u	r	g	e	s	s	-	b	i	o	g	r	a	p	h	y	
1	8	c	-	b	u	r	g	e	s	s	-	b	i	o	g	r	a	p	h	y	
1	8	c	-	b	u	r	g	e	s	s	-	b	i	o	g	r	a	p	h	y	
1	8	c	-	b	u	r	g	e	s	s	-	b	i	o	g	r	a	p	h	y	
1	8	c	-	b	u	r	g	e	s	s	-	b	i	o	g	r	a	p	h	y	
1	8	c	-	b	u	r	g	e	s	s	-	b	i	o	g	r	a	p	h	y	
1	8	c	-	b	u	r	g	e	s	s	-	b	i	o	g	r	a	p	h	y	
1	8	c	-	b	u	r	g	e	s	s	-	b	i	o	g	r	a	p	h	y	
1	8	c	-	b	u	r	g	e	s	s	-	b	i	o	g	r	a	p	h	y	
1	8	c	-	r	a	d	c	l	i	f	f	e	-	b	i	o	g	r	a	p	h	y	
1	8	c	-	r	a	d	c	l	i	f	f	e	-	b	i	o	g	r	a	p	h	y	
1	8	c	-	r	a	d	c	l	i	f	f	e	-	b	i	o	g	r	a	p	h	y	
1	8	c	-	r	a	d	c	l	i	f	f	e	-	b	i	o	g	r	a	p	h	y	
1	8	c	-	r	a	d	c	l	i	f	f	e	-	b	i	o	g	r	a	p	h	y	
1	8	c	-	r	a	d	c	l	i	f	f	e	-	b	i	o	g	r	a	p	h	y	
1	8	c	-	k	e	n	t	i	s	h	-	g	a	z	e	t	t	e	
1	8	c	-	k	e	n	t	i	s	h	-	g	a	z	e	t	t	e	
1	8	c	-	k	e	n	t	i	s	h	-	g	a	z	e	t	t	e	
1	8	c	-	k	e	n	t	i	s	h	-	g	a	z	e	t	t	e	
1	8	c	-	c	a	r	t	e	r	-	b	i	o	g	r	a	p	h	y	
1	8	c	-	c	a	r	t	e	r	-	b	i	o	g	r	a	p	h	y	
1	8	c	-	c	a	r	t	e	r	-	b	i	o	g	r	a	p	h	y	
1	8	c	-	c	a	r	t	e	r	-	b	i	o	g	r	a	p	h	y	
1	8	c	-	c	a	r	t	e	r	-	b	i	o	g	r	a	p	h	y	
1	8	c	-	c	a	r	t	e	r	-	b	i	o	g	r	a	p	h	y	
o	v	e	r	v	i	e	w	
o	v	e	r	v	i	e	w	
o	v	e	r	v	i	e	w	
o	v	e	r	v	i	e	w	
o	v	e	r	v	i	e	w	
o	v	e	r	v	i	e	w	
s	t	e	a	n	s	w	y	t	h	e	-	f	o	l	k	e	s	t	o	n	e	
s	t	e	a	n	s	w	y	t	h	e	-	f	o	l	k	e	s	t	o	n	e	
s	t	e	a	n	s	w	y	t	h	e	-	f	o	l	k	e	s	t	o	n	e	
s	t	e	a	n	s	w	y	t	h	e	-	f	o	l	k	e	s	t	o	n	e	
s	t	m	a	r	y	-	f	o	r	d	w	i	c	h	
s	t	m	a	r	y	-	f	o	r	d	w	i	c	h	
s	t	m	a	r	y	-	f	o	r	d	w	i	c	h	
s	t	m	a	r	y	-	f	o	r	d	w	i	c	h	
a	l	l	s	a	i	n	t	s	-	e	a	s	t	c	h	u	r	c	h	
a	l	l	s	a	i	n	t	s	-	e	a	s	t	c	h	u	r	c	h	
a	l	l	s	a	i	n	t	s	-	e	a	s	t	c	h	u	r	c	h	
s	t	p	a	n	d	p	-	h	e	a	d	c	o	r	n	
s	t	p	a	n	d	p	-	h	e	a	d	c	o	r	n	
s	t	p	a	n	d	p	-	h	e	a	d	c	o	r	n	
s	t	p	a	n	d	p	-	h	e	a	d	c	o	r	n	
s	t	j	o	h	n	-	s	m	a	l	l	h	y	t	h	e	
s	t	j	o	h	n	-	s	m	a	l	l	h	y	t	h	e	
s	t	j	o	h	n	-	s	m	a	l	l	h	y	t	h	e	
s	t	j	o	h	n	-	s	m	a	l	l	h	y	t	h	e	
s	t	j	o	h	n	-	s	m	a	l	l	h	y	t	h	e	
n	e	s	b	i	t	-	p	e	n	s	h	u	r	s	t	
n	e	s	b	i	t	-	p	e	n	s	h	u	r	s	t	
n	e	s	b	i	t	-	p	e	n	s	h	u	r	s	t	
n	e	s	b	i	t	-	p	e	n	s	h	u	r	s	t	
n	e	s	b	i	t	-	l	e	e	
n	e	s	b	i	t	-	l	e	e	
n	e	s	b	i	t	-	r	o	m	n	e	y	
n	e	s	b	i	t	-	r	o	m	n	e	y	
n	e	s	b	i	t	-	r	o	m	n	e	y	
n	e	s	b	i	t	-	r	o	m	n	e	y	
n	e	s	b	i	t	-	r	o	m	n	e	y	
n	e	s	b	i	t	-	r	o	m	n	e	y	
n	e	s	b	i	t	-	r	o	m	n	e	y	
n	e	s	b	i	t	-	r	o	m	n	e	y	
n	e	s	b	i	t	-	r	o	m	n	e	y	
n	e	s	b	i	t	-	r	o	m	n	e	y	
n	e	s	b	i	t	-	h	a	l	s	t	e	a	d	
n	e	s	b	i	t	-	h	a	l	s	t	e	a	d	
n	e	s	b	i	t	-	h	a	l	s	t	e	a	d	
n	e	s	b	i	t	-	h	a	l	s	t	e	a	d	
n	e	s	b	i	t	-	h	a	l	s	t	e	a	d	
n	e	s	b	i	t	-	h	a	l	s	t	e	a	d	
n	e	s	b	i	t	-	h	a	l	s	t	e	a	d	
n	e	s	b	i	t	-	h	a	l	s	t	e	a	d	
n	e	s	b	i	t	-	h	a	l	s	t	e	a	d	
n	e	s	b	i	t	-	h	a	l	s	t	e	a	d	
n	e	s	b	i	t	-	s	c	o	t	n	e	y	
n	e	s	b	i	t	-	s	c	o	t	n	e	y	
n	e	s	b	i	t	-	s	c	o	t	n	e	y	
n	e	s	b	i	t	-	s	c	o	t	n	e	y	
n	e	s	b	i	t	-	d	y	m	c	h	u	r	c	h	
n	e	s	b	i	t	-	d	y	m	c	h	u	r	c	h	
n	e	s	b	i	t	-	d	y	m	c	h	u	r	c	h	
n	e	s	b	i	t	-	d	y	m	c	h	u	r	c	h	
n	e	s	b	i	t	-	r	i	v	e	r	-	m	e	d	w	a	y	
n	e	s	b	i	t	-	r	i	v	e	r	-	m	e	d	w	a	y	
n	e	s	b	i	t	-	r	i	v	e	r	-	m	e	d	w	a	y	
n	e	s	b	i	t	-	r	i	v	e	r	-	m	e	d	w	a	y	
n	e	s	b	i	t	-	r	i	v	e	r	-	m	e	d	w	a	y	
n	e	s	b	i	t	-	r	i	v	e	r	-	m	e	d	w	a	y	
n	e	s	b	i	t	-	r	i	v	e	r	-	m	e	d	w	a	y	
n	e	s	b	i	t	-	r	i	v	e	r	-	m	e	d	w	a	y	
n	e	s	b	i	t	-	r	i	v	e	r	-	m	e	d	w	a	y	
n	e	s	b	i	t	-	r	i	v	e	r	-	m	e	d	w	a	y	
n	e	s	b	i	t	-	r	i	v	e	r	-	m	e	d	w	a	y	
n	e	s	b	i	t	-	b	i	o	g	r	a	p	h	y	
n	e	s	b	i	t	-	b	i	o	g	r	a	p	h	y	
n	e	s	b	i	t	-	b	i	o	g	r	a	p	h	y	
